id,name,task_description,area,budgeted_amount,status,asset_id,asset_type,fiscal_year,start_date,inactive,neighborhood,council_district,ward,tract,public_works_division,pli_division,police_zone,fire_zone,latitude,longitude
1850147310,BRIDGE REPAIRS,Columbus Avenue Bridge Handicapped Ramp and Intersection Improvements,Engineering and Construction,100000,Planned,Columbus Avenue Bridge,Bridge,2017,2017-02-08,f,Manchester,6,21,42003210700,1,21,1,1-8,40.45848456,-80.02443938
578777540,CARNAHAN ROAD WENZELL AVENUE (TIP),Construction,Engineering and Construction,560000,Planned,Carnahan Road Bridge,Bridge,2017,2017-02-08,f,Banksville,2,20,42003202300,5,20,6,4-9,40.40714062,-80.03434176
579358971,CARNAHAN ROAD WENZELL AVENUE (TIP),Construction,Engineering and Construction,2240000,Planned,Carnahan Road Bridge,Bridge,2017,2017-02-08,f,Banksville,2,20,42003202300,5,20,6,4-9,40.40714062,-80.03434176
726259916,CHARLES ANDERSON BRIDGE (TIP),Preliminary Engineering Phase,Engineering and Construction,35450,Planned,Charles Anderson Bridge,Bridge,2017,2017-02-08,f,Central Oakland,3,4,42003040900,3,4,4,2-8,40.43441416,-79.95013126
2027345037,CHARLES ANDERSON BRIDGE (TIP),Preliminary Engineering Phase,Engineering and Construction,673550,Planned,Charles Anderson Bridge,Bridge,2017,2017-02-08,f,Central Oakland,3,4,42003040900,3,4,4,2-8,40.43441416,-79.95013126
1333025252,GREENFIELD AVENUE BRIDGE (TIP),Construction,Engineering and Construction,40000,Completed,Beechwood Boulevard Bridge,Bridge,2017,2017-02-08,f,Greenfield,5,15,42003151700,3,15,4,2-12,40.42839915,-79.93795474
731599247,GREENFIELD AVENUE BRIDGE (TIP),Construction,Engineering and Construction,760000,Completed,Beechwood Boulevard Bridge,Bridge,2017,2017-02-08,f,Greenfield,5,15,42003151700,3,15,4,2-12,40.42839915,-79.93795474
1911757466,McFARREN STREET (SECOND AVENUE) BRIDGE (TIP),"Final Design, Utility Clearance",Engineering and Construction,35750,In Progress,MacFarren St Bridge,Bridge,2018,2018-02-08,f,,5,,42003141400,,,,,40.41516123,-79.91564882
1537317222,McFARREN STREET (SECOND AVENUE) BRIDGE (TIP),"Final Design, Utility Clearance",Engineering and Construction,679250,In Progress,MacFarren St Bridge,Bridge,2018,2018-02-08,f,,5,,42003141400,,,,,40.41516123,-79.91564882
1949240942,WEST OHIO STREET BRIDGE (TIP),Construction Phase,Engineering and Construction,130500,Planned,West Ohio Street Bridge,Bridge,2017,2017-02-08,f,Allegheny West,1,22,42003562700,1,22,1,1-7,40.45161859,-80.01067255
1975162648,WEST OHIO STREET BRIDGE (TIP),Construction Phase,Engineering and Construction,2479500,Planned,West Ohio Street Bridge,Bridge,2017,2017-02-08,f,Allegheny West,1,22,42003562700,1,22,1,1-7,40.45161859,-80.01067255
845185720,ADA COMPLIANCE,Hearing Loops in Healthy Active Living Centers - South Side Market House,Administration/Sub-Award,8400,Planned,Southside Market House,Facility,2017,2017-02-08,f,South Side Flats,3,17,42003170200,3,17,3,4-24,40.4294384,-79.98642546
607553520,BOB O'CONNOR GOLF COURSE,Bob O'Connor Golf Course,Facility Improvement,200000,Planned,Schenley Park Golf Course Clubhouse,Facility,2018,2018-02-08,f,Squirrel Hill North,5,14,42003140100,3,14,4,2-8,40.4383258,-79.93462781
468982182,FACILITY IMPROVEMENTS,City-County Building - Council Chambers,Facility Improvement,25000,Completed,City-County Building,Facility,2017,2017-02-08,f,Central Business District,6,1,42003020100,6,1,2,1-4,40.43812088,-79.9968965
2108512192,FACILITY IMPROVEMENTS,City-County Building - Elevator #6,Facility Improvement,321000,Planned,City-County Building,Facility,2017,2017-02-08,f,Central Business District,6,1,42003020100,6,1,2,1-4,40.43812088,-79.9968965
1070701448,FACILITY IMPROVEMENTS,Schenley Ice Rink - Upper Plaza Restoration,Facility Improvement,60000,Completed,Schenley Park Skating Rink Building,Facility,2017,2017-02-08,f,Squirrel Hill South,5,14,42003980500,3,14,4,2-8,40.43172557,-79.94526205
405227559,FACILITY IMPROVEMENTS,Schenley Ice Rink - Rink Renovations Design,Facility Improvement,225000,In Progress,Schenley Park Skating Rink Building,Facility,2018,2018-02-08,f,Squirrel Hill South,5,14,42003980500,3,14,4,2-8,40.43145027,-79.94475417
2140666962,FACILITY IMPROVEMENTS,Olympia Park Building Phase II Renovation,Facility Improvement,250000,In Progress,Olympia Park Recreation Center,Facility,2018,2018-02-08,f,Mount Washington,2,19,42003190300,5,19,3,4-1,40.43127842,-80.01830677
547678139,PARK RECONSTRUCTION - REGIONAL ASSET DISTRICT PARKS,Schenley Park Chiller,Facility Improvement,125000,Planned,Schenley Park Skating Rink Building,Facility,2017,2017-02-08,f,Squirrel Hill South,5,14,42003980500,3,14,4,2-8,40.43145027,-79.94475417
1339602670,RECREATION AND SENIOR CENTERS,Phillips - HVAC,Facility Improvement,350000,Planned,Phillips Gym and Recreation Center,Facility,2017,2017-02-08,f,Carrick,4,29,42003290400,3,29,3,4-23,40.3915773,-79.99095255
606249647,COMPREHENSIVE PLAN,South Side Park Master Plan,Administration/Sub-Award,40000,In Progress,Southside Park,Park,2018,2018-02-08,f,South Side Slopes,3,17,42003160800,3,17,3,4-22,40.42127838,-79.97805508
2126010814,COMPREHENSIVE PLAN,South Side Park Master Plan,Administration/Sub-Award,40000,In Progress,Southside Park,Park,2018,2018-02-08,f,South Side Slopes,3,17,42003160800,3,17,3,4-22,40.42127838,-79.97805508
1967446712,PARK RECONSTRUCTION,McKinley Park Green Infrastructure and Recreation Project,Facility Improvement,243350,In Progress,McKinley Park,Park,2018,2018-04-04,f,Beltzhoover,4,18,42003562400,5,18,3,4-7,40.41223888,-80.00186229
613070006,PARK RECONSTRUCTION,McKinley Park Green Infrastructure and Recreation Project,Facility Improvement,437500,In Progress,McKinley Park,Park,2018,2018-04-04,f,Beltzhoover,4,18,42003562400,5,18,3,4-7,40.41223888,-80.00186229
381547049,PARK RECONSTRUCTION,Sidewalk  Repair - Brookline Memorial Park,Facility Improvement,42250,Completed,Brookline Memorial Park,Park,2017,2017-02-08,f,Brookline,4,32,42003320600,5,32,6,4-25,40.39012622,-80.00412481
1521673392,PARK RECONSTRUCTION,Niagara Park,Facility Improvement,12000,Completed,Niagara Park,Park,2017,2017-02-08,f,South Oakland,3,4,42003040900,3,4,4,2-10,40.43471289,-79.96013827
1354715656,PARK RECONSTRUCTION,Lewis Hockey Relocation to McBride,Facility Improvement,50000,Planned,McBride Park,Park,2017,2017-02-08,f,Lincoln Place,5,31,42003310200,3,31,4,4-20,40.37029791,-79.9055061
2109434793,PARK RECONSTRUCTION,Phillips Park Master Plan,Facility Improvement,30000,Completed,Phillips Park,Park,2017,2017-02-08,f,Carrick,4,29,42003290400,3,29,3,4-23,40.39059421,-79.99145985
1900248863,PARK RECONSTRUCTION,Moore Park Recreation Center Entry Stair Replacement,Facility Improvement,20000,Completed,Moore Park,Park,2017,2017-02-08,f,Brookline,4,19,42003191700,5,19,6,4-26,40.40514666,-80.0135003
1879912404,PLAY AREA IMPROVEMENTS,New Safety Surface - Cowley Playground,Facility Improvement,61180,Completed,Cowley Playground,Playground,2018,2018-02-08,f,Troy Hill,1,24,42003240600,1,24,1,1-2,40.45878639,-79.98808287
1671050307,PLAY AREA IMPROVEMENTS,New Play Structure - Cowley Playground,Facility Improvement,70000,Completed,Cowley Playground,Playground,2018,2018-02-08,f,Troy Hill,1,24,42003240600,1,24,1,1-2,40.45878639,-79.98808287
758321611,PLAY AREA IMPROVEMENTS,Upgrade Play Structure - Mellon Park,Facility Improvement,12000,Completed,Mellon Playground,Playground,2017,2017-02-08,f,Shadyside,8,7,42003070800,2,7,4,3-13,40.45390763,-79.91579734
1286287105,PLAY AREA IMPROVEMENTS,ADA Accessibility - Townsend Park,Facility Improvement,137500,Planned,Townsend Playground,Playground,2018,2018-02-08,f,Elliott,2,20,42003562600,5,20,6,1-17,40.44306836,-80.04019098
1153310619,PLAY AREA IMPROVEMENTS,New Play Structure - Mellon Park,Facility Improvement,15000,Completed,Mellon Playground,Playground,2017,2017-02-08,f,Shadyside,8,7,42003070800,2,7,4,3-13,40.45390763,-79.91579734
1403308971,PLAY AREA IMPROVEMENTS,New Safety Surface - Mellon Park,Facility Improvement,119660,Completed,Mellon Playground,Playground,2017,2017-02-08,f,Shadyside,8,7,42003070800,2,7,4,3-13,40.45390763,-79.91579734
1620987369,PLAY AREA IMPROVEMENTS,Replace Parts - Herschel Playground,Facility Improvement,7000,Canceled,Herschel Playground,Playground,2017,2017-02-08,f,Elliott,2,20,42003562600,5,20,6,1-17,40.44027003,-80.04339874
1191864617,PLAY AREA IMPROVEMENTS,Paint Structure - Herschel Playground,Facility Improvement,15000,Canceled,Herschel Playground,Playground,2017,2017-02-08,f,Elliott,2,20,42003562600,5,20,6,1-17,40.44027003,-80.04339874
923739155,PLAY AREA IMPROVEMENTS,New Safety Surface - Herschel Playground,Facility Improvement,64434,Canceled,Herschel Playground,Playground,2017,2017-02-08,f,Elliott,2,20,42003562600,5,20,6,1-17,40.44027003,-80.04339874
742926184,PLAY AREA IMPROVEMENTS,New Safety Surface - Larimer Playground,Facility Improvement,67500,Completed,Larimer Playground,Playground,2018,2018-02-08,f,Larimer,9,12,42003120400,2,12,5,3-12,40.46675583,-79.91340145
47231291,PLAY AREA IMPROVEMENTS,New Play Structure - Larimer Playground,Facility Improvement,70000,Completed,Larimer Playground,Playground,2018,2018-02-08,f,Larimer,9,12,42003120400,2,12,5,3-12,40.46675583,-79.91340145
540856505,PLAY AREA IMPROVEMENTS,New Safety Surface - Leolyn Parklet,Facility Improvement,60000,Completed,Leolyn Playground,Playground,2018,2018-02-08,f,Carrick,4,29,42003290200,3,29,3,4-12,40.399263,-79.98605378
1822145697,PLAY AREA IMPROVEMENTS,New Play Structure - Leolyn Parklet,Facility Improvement,70000,Completed,Leolyn Playground,Playground,2018,2018-02-08,f,Carrick,4,29,42003290200,3,29,3,4-12,40.399263,-79.98605378
654962804,PLAY AREA IMPROVEMENTS,New Safety Surface - Magee Playground,Facility Improvement,52500,Planned,Magee Playground,Playground,2017,2017-02-08,f,Greenfield,5,15,42003151700,3,15,4,2-15,40.42449135,-79.93726104
1072223121,PLAY AREA IMPROVEMENTS,New Play Structure - Magee Playground,Facility Improvement,70000,Planned,Magee Playground,Playground,2017,2017-02-08,f,Greenfield,5,15,42003151700,3,15,4,2-15,40.42449135,-79.93726104
846408033,PLAY AREA IMPROVEMENTS,New Safety Surface - Stratmore Parklet,Facility Improvement,30000,Canceled,Stratmore Playground,Playground,2017,2017-02-08,f,Crafton Heights,2,28,42003281500,5,28,6,1-18,40.43929832,-80.0559964
1485842438,PLAY AREA IMPROVEMENTS,New Play Structure - Stratmore Parklet,Facility Improvement,70000,Canceled,Stratmore Playground,Playground,2017,2017-02-08,f,Crafton Heights,2,28,42003281500,5,28,6,1-18,40.43929832,-80.0559964
1419860924,WATER FEATURE UPGRADES,Add Spray Feature Sensor - Leslie,Facility Improvement,30000,Completed,Leslie Playground,Playground,2018,2018-02-08,f,Central Lawrenceville,7,9,42003090200,2,9,2,3-3,40.47265896,-79.9581407
1836580435,WATER FEATURE UPGRADES,Add Spray Feature Sensor - Enright,Facility Improvement,30000,Completed,Enright Playground,Playground,2018,2018-02-08,f,East Liberty,9,8,42003111500,2,8,5,3-23,40.46208172,-79.92998958
543360921,WATER FEATURE UPGRADES,Add Spray Feature Sensor - Frazier,Facility Improvement,30000,Planned,Frazier Playground,Playground,2018,2018-02-08,f,South Oakland,3,4,42003040900,3,4,4,2-11,40.42921503,-79.95390952
1009565403,PARK RECONSTRUCTION,Manchester Field Improvements,Facility Improvement,3000,Completed,Manchester,Playing Field,2017,2017-02-08,f,Manchester,6,21,42003210700,1,21,1,1-8,40.45676059,-80.02480352
1706386928,PARK RECONSTRUCTION,Moore Park Soccer Field Reseeding and Maintenance,Facility Improvement,30000,In Progress,Moore Field 1,Playing Field,2018,2018-02-08,f,Brookline,4,19,42003191700,5,19,6,4-26,40.40486072,-80.01260445
1817614256,SPORT FACILITY IMPROVEMENTS,Ballfield Renovations - Moore Park,Facility Improvement,70000,In Progress,Moore Field 2,Playing Field,2018,2018-09-26,f,Brookline,4,19,42003191700,5,19,6,4-26,40.40496488,-80.01395494
1693386840,SPORT FACILITY IMPROVEMENTS,Ballfield Renovations - Paul J. Sciullo II Memorial Park,Facility Improvement,35000,Completed,Officer Paul J. Sciullo II Memorial Field,Playing Field,2017,2017-02-08,f,Lower Lawrenceville,7,8,42003060300,2,8,2,3-1,40.46235444,-79.95471143
670505821,SPORT FACILITY IMPROVEMENTS,Ballfield Renovations - McGonigle Park,Facility Improvement,35000,Completed,McGonigle,Playing Field,2017,2017-02-08,f,Sheraden,2,20,42003562500,5,20,6,1-16,40.46002342,-80.06573203
1617882293,SPORT FACILITY IMPROVEMENTS,Ballfield Renovations - Chartiers Park,Facility Improvement,35000,In Progress,Chartiers,Playing Field,2018,2018-09-26,f,Windgap,2,28,42003563000,5,28,6,1-16,40.45702093,-80.07406404
147153892,SPORT FACILITY IMPROVEMENTS,Ballfield Renovations - Fineview Park,Facility Improvement,35000,In Progress,Fineview,Playing Field,2018,2018-09-26,f,Fineview,6,25,42003250900,1,25,1,1-10,40.45993333,-80.004219
1748771286,SPORT FACILITY IMPROVEMENTS,Ballfield Renovations - Mellon Park,Facility Improvement,35000,In Progress,Mellon Field 2,Playing Field,2018,2018-09-26,f,Shadyside,8,7,42003070800,2,7,4,3-13,40.45522374,-79.91532243
1081059875,SPORT FACILITY IMPROVEMENTS,Phase II Schenely Park Oval Turf Package,Facility Improvement,240000,Completed,Oval,Playing Field,2017,2017-02-08,f,Squirrel Hill South,5,14,42003980500,3,14,4,2-8,40.43250117,-79.9434023
55267138,SPORT FACILITY IMPROVEMENTS,Ballfield Renovations - Frazier Park,Facility Improvement,35000,In Progress,Dan Marino,Playing Field,2018,2018-09-26,f,South Oakland,3,4,42003040900,3,4,4,2-11,40.4292221,-79.95463089
442224800,SPORT FACILITY IMPROVEMENTS,Court Activation Button - Gardner,Facility Improvement,5200,Canceled,Gardner,Playing Field,2017,2017-02-08,f,Troy Hill,1,24,42003240600,1,24,1,1-2,40.4616534,-79.98602484
248108512,SPORT FACILITY IMPROVEMENTS,Ballfield Renovations - Magee Playground,Facility Improvement,85000,Canceled,Magee Field 1,Playing Field,2017,2017-02-08,f,Greenfield,5,15,42003151700,3,15,4,2-15,40.4257722,-79.9376695
1442015202,SPORT FACILITY IMPROVEMENTS,Ballfield Renovations - Spring Hill Park,Facility Improvement,35000,Completed,Spring Hill,Playing Field,2017,2017-02-08,f,Spring Hill-City View,1,26,42003262000,1,26,1,1-11,40.47037226,-79.99226563
462068230,SPORT FACILITY IMPROVEMENTS,Ballfield Renovations - Volunteer's Field,Facility Improvement,65000,Planned,Volunteers Field 4,Playing Field,2017,2017-02-08,f,Carrick,4,29,42003290100,3,29,3,4-23,40.39737231,-79.99446412
77586942,POOL REHABILITATION,Pool Liner - Sue Murray,Facility Improvement,55000,Completed,Sue Murray,Pool,2017,2017-02-08,f,Allegheny Center,1,22,42003562700,1,22,1,1-6,40.45128744,-80.00147818
979654971,POOL REHABILITATION,Relocate Filter Building Above Ground - Riverview,Facility Improvement,800000,Planned,Riverview,Pool,2017,2017-02-08,f,Perry North,1,26,42003980400,1,26,1,1-15,40.4796929,-80.01844504
918434085,POOL REHABILITATION,ADA Site Accessibility - Riverview,Facility Improvement,800000,Planned,Riverview,Pool,2017,2017-02-08,f,Perry North,1,26,42003980400,1,26,1,1-15,40.4796929,-80.01844504
1713472049,POOL REHABILITATION,Pool Liner - West Penn,Facility Improvement,55000,Completed,West Penn,Pool,2017,2017-02-08,f,Polish Hill,7,6,42003060500,6,6,2,2-6,40.45526295,-79.96994512
1617483728,AUDIBLE PEDESTRIAN AND TRAFFIC SIGNALS,Brownsville Road and Parkfield Street,Engineering and Construction,100000,In Progress,TS168,Signalized Intersection,2018,2018-02-08,f,Carrick,4,29,42003290400,3,29,3,4-12,40.391331,-79.98660607
868104804,AUDIBLE PEDESTRIAN AND TRAFFIC SIGNALS,Walnut Street and South Aiken Avenue Traffic Signal Update,Engineering and Construction,200000,Completed,TS7,Signalized Intersection,2018,2018-01-16,f,Shadyside,8,7,42003070300,2,7,4,3-22,40.45063462,-79.9355028
439928329,BIKE INFRASTRUCTURE,Bike Facilities - Baum/Centre Crossing,Engineering and Construction,100000,Planned,TS216,Signalized Intersection,2017,2017-02-08,f,Shadyside,8,7,42003070900,2,7,4,3-11,40.4572618,-79.93405726
1806724539,PENNDOT LOCAL SHARE (TIP),Signal Replacement,Engineering and Construction,3000,Planned,TS267,Signalized Intersection,2017,2017-02-08,f,East Allegheny,1,23,42003563200,1,23,1,1-6,40.45641846,-79.99866027
168702050,STEP REPAIR AND REPLACEMENT,Carnahan Road/Banksville Steps,Engineering and Construction,125000,Planned,Carnahan Rd at Younger Ave from Banksville Ave,Step,2017,2017-02-08,f,Banksville,2,20,42003202300,5,20,6,4-9,40.40681922,-80.03601023
1274317060,STEP REPAIR AND REPLACEMENT,Lower Oakley Street Steps/Phase 2,Engineering and Construction,60000,Completed,Oakley Way from Joesphine St to McCord St,Step,2017,2017-02-08,f,South Side Slopes,3,16,42003160800,3,16,3,4-24,40.42353074,-79.9686893
1358827067,SLOPE FAILURE REMEDIATION,Baldauf Street Wall,Engineering and Construction,150000,Completed,Baldauf St,Retaining Wall,2017,2017-02-08,f,South Side Slopes,3,17,42003170600,3,17,3,4-3,40.42303306,-79.98001595
976733348,SLOPE FAILURE REMEDIATION,Brahm Street Wall,Engineering and Construction,400000,Completed,Brahm St,Retaining Wall,2017,2017-02-08,f,Spring Hill-City View,1,24,42003262000,1,24,1,1-24,40.46491451,-79.99852714
1734931717,ADA COMPLIANCE,Hearing Loops in Healthy Active Living Centers - Morningside,Administration/Sub-Award,8300,Planned,Morningside Senior Center,Facility,2017,2017-02-08,f,Morningside,7,10,42003101400,2,10,5,3-7,40.48389771,-79.92497828
537021270,ADA COMPLIANCE,Hearing Loops in Healthy Active Living Centers - Homewood,Administration/Sub-Award,8300,Planned,Homewood Senior Center,Facility,2017,2017-02-08,f,Homewood North,9,13,42003130200,2,13,5,3-17,40.45690353,-79.89300124
571915867,CITY COUNCIL'S UNSPECIFIED LOCAL OPTION,Brashear Association (for Arlington Food Bank),Administration/Sub-Award,2500,In Progress,,Non-Asset,2018,2018-02-08,f,Allentown,3,18,42003180300,5,18,3,4-21,40.42162,-79.994561
2143189705,CITY COUNCIL'S UNSPECIFIED LOCAL OPTION,Community Human Services,Administration/Sub-Award,2500,Planned,,Non-Asset,2017,2017-02-08,f,Central Oakland,3,4,42003040600,3,4,4,2-11,40.43756,-79.953521
1364486196,CITY COUNCIL'S UNSPECIFIED LOCAL OPTION,Emmaus Community of Pittsburgh,Administration/Sub-Award,2500,Planned,,Non-Asset,2017,2017-02-08,f,South Side Flats,3,16,42003160900,3,16,3,4-24,40.42546,-79.965961
548120448,CITY COUNCIL'S UNSPECIFIED LOCAL OPTION,Community Human Services/Oakland Business Improvement District,Administration/Sub-Award,2500,Planned,,Non-Asset,2017,2017-02-08,f,Central Oakland,3,4,42003040600,3,4,4,2-11,40.43756,-79.953521
1780500816,CITY COUNCIL'S UNSPECIFIED LOCAL OPTION,Oakland Planning & Development Corp.,Administration/Sub-Award,2500,Planned,,Non-Asset,2017,2017-02-08,f,Central Oakland,3,4,42003040500,3,4,4,2-14,40.440295,-79.956588
993396157,CITY COUNCIL'S UNSPECIFIED LOCAL OPTION,PA Cleanways of Allegheny County,Administration/Sub-Award,2500,Planned,,Non-Asset,2017,2017-02-08,f,Perry South,6,26,42003261500,1,26,1,1-23,40.47045,-80.013791
1088735101,CITY COUNCIL'S UNSPECIFIED LOCAL OPTION,Pennsylvania Resource Council,Administration/Sub-Award,2500,Planned,,Non-Asset,2017,2017-02-08,f,South Side Flats,3,17,42003170200,3,17,3,4-24,40.42776229,-79.98416184
1011353526,CITY COUNCIL'S UNSPECIFIED LOCAL OPTION,Persad Center,Administration/Sub-Award,2500,Planned,,Non-Asset,2017,2017-02-08,f,Upper Lawrenceville,7,10,42003101100,2,10,2,3-5,40.482217,-79.952386
1306020995,CITY COUNCIL'S UNSPECIFIED LOCAL OPTION,Pittsburgh AIDS Task Force,Administration/Sub-Award,2500,Planned,,Non-Asset,2017,2017-02-08,f,East Liberty,9,11,42003111500,2,11,5,3-8,40.46211,-79.926281
151537107,CITY COUNCIL'S UNSPECIFIED LOCAL OPTION,Shepherd Wellness Community,Administration/Sub-Award,2500,Planned,,Non-Asset,2017,2017-02-09,f,Bloomfield,7,8,42003080400,2,8,5,3-1,40.45966,-79.947351
1696718969,CITY COUNCIL'S UNSPECIFIED LOCAL OPTION,Tree of Hope,Administration/Sub-Award,2500,Planned,,Non-Asset,2017,2017-02-08,f,Squirrel Hill North,8,14,42003140300,3,14,4,2-18,40.44360122,-79.92105373
1995361909,CITY COUNCIL'S UNSPECIFIED LOCAL OPTION,Vietnam Veterans Leadership,Administration/Sub-Award,2500,Planned,,Non-Asset,2017,2017-02-08,f,Strip District,7,6,42003020300,6,6,2,3-2,40.45905,-79.973781
665932056,CITY COUNCIL'S UNSPECIFIED LOCAL OPTION,Brashear Association,Administration/Sub-Award,13000,Planned,,Non-Asset,2017,2017-02-08,f,South Side Flats,3,17,42003170200,3,17,3,4-24,40.42778,-79.977411
765817022,CITY COUNCIL'S UNSPECIFIED LOCAL OPTION,Hilltop Alliance,Administration/Sub-Award,13000,Planned,,Non-Asset,2017,2017-02-08,f,Allentown,3,18,42003180300,5,18,3,4-6,40.42208,-79.992501
1784673740,CITY COUNCIL'S UNSPECIFIED LOCAL OPTION,Western Pennsylvania Conservancy,Administration/Sub-Award,2500,Planned,,Non-Asset,2017,2017-02-08,f,Troy Hill,1,24,42003240600,6,24,1,1-1,40.46432654,-79.97690068
1707167348,CITY COUNCIL'S UNSPECIFIED LOCAL OPTION,Brashear Association,Administration/Sub-Award,3000,Planned,,Non-Asset,2017,2017-02-08,f,South Side Flats,3,17,42003170200,3,17,3,4-24,40.42778,-79.977411
1503392411,CITY COUNCIL'S UNSPECIFIED LOCAL OPTION,PA Cleanways of Allegheny County,Administration/Sub-Award,3000,Planned,,Non-Asset,2017,2017-02-08,f,Perry South,6,26,42003261500,1,26,1,1-23,40.47045,-80.013791
855687619,CITY COUNCIL'S UNSPECIFIED LOCAL OPTION,Angel's Place,Administration/Sub-Award,5000,Planned,,Non-Asset,2017,2017-02-08,f,Brookline,4,19,42003191800,5,19,6,4-26,40.392744,-80.025097
1521147785,CITY COUNCIL'S UNSPECIFIED LOCAL OPTION,Pennsylvania Resources Council,Administration/Sub-Award,6000,Planned,,Non-Asset,2017,2017-02-08,f,South Side Flats,3,17,42003170200,3,17,3,4-24,40.42773983,-79.98419134
1101090684,CITY COUNCIL'S UNSPECIFIED LOCAL OPTION,Economic Development South,Administration/Sub-Award,10000,Planned,,Non-Asset,2017,2017-02-08,f,,,,42003478100,,,,,40.36574,-79.981881
1101613909,CITY COUNCIL'S UNSPECIFIED LOCAL OPTION,Saint Mark's Evangelical Lutheran / Brookline Meals on Wheels,Administration/Sub-Award,12000,In Progress,,Non-Asset,2018,2018-02-08,f,Brookline,4,19,42003191900,5,19,6,4-26,40.39252,-80.017871
1814653410,CITY COUNCIL'S UNSPECIFIED LOCAL OPTION,Elizabeth Seton Center,Administration/Sub-Award,12000,Planned,,Non-Asset,2017,2017-02-08,f,Brookline,4,19,42003191700,5,19,6,4-26,40.40387,-80.015861
1863873342,CITY COUNCIL'S UNSPECIFIED LOCAL OPTION,Community Human Services,Administration/Sub-Award,2500,Planned,,Non-Asset,2017,2017-02-08,f,Central Oakland,3,4,42003040600,3,4,4,2-11,40.43756,-79.953521
1976647247,CITY COUNCIL'S UNSPECIFIED LOCAL OPTION,Jewish Family and Childrens Services - Refugee Services,Administration/Sub-Award,2500,Planned,,Non-Asset,2017,2017-02-08,f,Squirrel Hill South,5,14,42003141300,3,14,4,2-21,40.43622838,-79.92372459
64074019,CITY COUNCIL'S UNSPECIFIED LOCAL OPTION,Jewish Family and Childrens Services - Career Development,Administration/Sub-Award,2500,Planned,,Non-Asset,2017,2017-02-08,f,Squirrel Hill South,5,14,42003141300,3,14,4,2-21,40.43620052,-79.92366113
1106814282,CITY COUNCIL'S UNSPECIFIED LOCAL OPTION,Pittsburgh AIDS Task Force,Administration/Sub-Award,2500,Planned,,Non-Asset,2017,2017-02-08,f,East Liberty,9,11,42003111500,2,11,5,3-8,40.46211,-79.926281
1433254678,CITY COUNCIL'S UNSPECIFIED LOCAL OPTION,Reading is Fundamental of Pittsburgh,Administration/Sub-Award,2500,Planned,,Non-Asset,2017,2017-02-08,f,Allegheny Center,1,22,42003562700,1,22,1,1-6,40.45262636,-80.00687478
229986650,CITY COUNCIL'S UNSPECIFIED LOCAL OPTION,Young Men and Women's Hebrew Association / Irene Kauffman Centers / JCC of Greater Pittsburgh,Administration/Sub-Award,2500,Planned,,Non-Asset,2017,2017-02-08,f,Squirrel Hill South,5,14,42003141300,3,14,4,2-18,40.43769262,-79.92393066
1707851509,CITY COUNCIL'S UNSPECIFIED LOCAL OPTION,Jewish Family and Childrens Services - Squirrel Hill Community Food Pantry,Administration/Sub-Award,3500,Planned,,Non-Asset,2017,2017-02-08,f,Squirrel Hill South,5,14,42003141300,3,14,4,2-21,40.43622728,-79.92373157
279892637,CITY COUNCIL'S UNSPECIFIED LOCAL OPTION,SLB Radio Productions,Administration/Sub-Award,8000,Planned,,Non-Asset,2017,2017-02-08,f,Allegheny Center,1,22,42003562700,1,22,1,1-6,40.45266718,-80.00673531
442921157,CITY COUNCIL'S UNSPECIFIED LOCAL OPTION,Hazelwood Initiative,Administration/Sub-Award,15000,Planned,,Non-Asset,2017,2017-02-08,f,Hazelwood,5,15,42003562300,3,15,4,2-13,40.40643414,-79.94266699
325570794,CITY COUNCIL'S UNSPECIFIED LOCAL OPTION,Rebuilding Together Pittsburgh,Administration/Sub-Award,30000,Planned,,Non-Asset,2017,2017-02-08,f,Homewood South,9,13,42003130400,2,13,5,3-17,40.44961865,-79.88901163
1985413396,CITY COUNCIL'S UNSPECIFIED LOCAL OPTION,Community Human Services,Administration/Sub-Award,2500,Planned,,Non-Asset,2017,2017-02-08,f,Central Oakland,3,4,42003040600,3,4,4,2-11,40.43756,-79.953521
1650204036,CITY COUNCIL'S UNSPECIFIED LOCAL OPTION,Lower Bloomfield Unity Council,Administration/Sub-Award,2500,Planned,,Non-Asset,2017,2017-02-08,f,Bloomfield,7,8,42003080200,2,8,5,3-1,40.46043,-79.949541
1410397358,CITY COUNCIL'S UNSPECIFIED LOCAL OPTION,Pittsburgh Project,Administration/Sub-Award,2500,Planned,,Non-Asset,2017,2017-02-08,f,Perry South,6,26,42003261500,1,26,1,1-23,40.47045,-80.013791
524382614,CITY COUNCIL'S UNSPECIFIED LOCAL OPTION,Bloomfield Garfield Corporation,Administration/Sub-Award,5000,Planned,,Non-Asset,2017,2017-02-08,f,Garfield,9,10,42003101700,2,10,5,3-23,40.46488,-79.940971
325898127,CITY COUNCIL'S UNSPECIFIED LOCAL OPTION,Catholic Youth Association of Pittsburgh (Senior Center),Administration/Sub-Award,5000,In Progress,,Non-Asset,2018,2018-02-08,f,Polish Hill,7,6,42003060500,6,6,2,2-6,40.45564618,-79.96920081
702833766,CITY COUNCIL'S UNSPECIFIED LOCAL OPTION,Shepherd Wellness Center,Administration/Sub-Award,5000,Planned,,Non-Asset,2017,2017-02-08,f,Bloomfield,7,8,42003080400,2,8,5,3-1,40.45960985,-79.94740608
1502385020,CITY COUNCIL'S UNSPECIFIED LOCAL OPTION,Union Project,Administration/Sub-Award,5000,Planned,,Non-Asset,2017,2017-02-08,f,Highland Park,7,11,42003110200,2,11,5,3-9,40.47189274,-79.92646752
868580857,CITY COUNCIL'S UNSPECIFIED LOCAL OPTION,Western Pennsylvania Conservancy,Administration/Sub-Award,5000,Planned,,Non-Asset,2017,2017-02-08,f,Troy Hill,1,24,42003240600,6,24,1,1-1,40.46443867,-79.9769306
1884392059,CITY COUNCIL'S UNSPECIFIED LOCAL OPTION,Friendship Community Group,Administration/Sub-Award,7500,Planned,,Non-Asset,2017,2017-02-08,f,Bloomfield,7,8,42003080900,2,8,5,3-6,40.46244245,-79.9445909
517234150,CITY COUNCIL'S UNSPECIFIED LOCAL OPTION,Lawrenceville Corporation,Administration/Sub-Award,15000,Planned,,Non-Asset,2017,2017-02-08,f,Central Lawrenceville,7,9,42003090100,2,9,2,3-3,40.47256001,-79.96375526
740358061,CITY COUNCIL'S UNSPECIFIED LOCAL OPTION,Lawrenceville United,Administration/Sub-Award,15000,Planned,,Non-Asset,2017,2017-02-08,f,Central Lawrenceville,7,9,42003090100,2,9,2,3-5,40.47704053,-79.95718418
339535391,MAJOR DEVELOPMENTS,Acquisition - Larimer School,Neighborhood and Community Development,100000,In Progress,,Non-Asset,2018,2018-02-08,f,Larimer,9,12,42003120400,2,12,5,3-12,40.46545467,-79.91276936
1634559501,FACILITY IMPROVEMENTS,Fire Station 28 - Roof Replacement,Facility Improvement,300000,Completed,Firehouse 28,Roofing System,2017,2017-08-01,f,Beechview,4,19,42003191600,5,19,6,4-28,40.41312585,-80.02517762
1633549294,FACILITY IMPROVEMENTS,Fire Station 13 - Roof Replacement,Facility Improvement,200000,Completed,Firehouse 13,Roofing System,2017,2017-02-08,f,Hazelwood,5,15,42003562300,3,15,4,2-13,40.41012612,-79.94227362
1938294584,FACILITY IMPROVEMENTS,Medic 8 - Roof Replacement,Facility Improvement,125000,Completed,Medic 08 Asphalt Shingle,Roofing System,2017,2017-02-08,f,Allentown,3,18,42003180300,5,18,3,4-21,40.42025045,-79.99500521
1610380231,FACILITY IMPROVEMENTS,Fire Station 6 - Roof Replacement,Facility Improvement,250000,Completed,Firehouse 06,Roofing System,2017,2017-02-08,f,Lower Lawrenceville,7,6,42003060300,2,6,2,3-6,40.4648831,-79.95814144
1950145696,FACILITY IMPROVEMENTS,"Fire Station 26 - Roof Replacement, Interior Renovations",Facility Improvement,300000,Completed,Firehouse 26,Roofing System,2017,2017-03-27,f,Brookline,4,19,42003191800,5,19,6,4-26,40.39478237,-80.02185025
862962060,RECREATION AND SENIOR CENTERS,Brighton Heights - Roof,Facility Improvement,50000,Planned,B600 - Brighton Heights Senior Center Roof,Roofing System,2017,2017-02-08,f,Brighton Heights,1,27,42003270300,1,27,1,1-14,40.47926901,-80.03578392
909184333,BRIDGE REPAIRS,Columbus Ave Bridge wall repair,Engineering and Construction,50000,Planned,Manchester Park 1,Sidewalk,2017,2017-02-08,f,Manchester,6,21,42003210700,1,21,1,1-8,40.45835404,-80.02503256
247307022,PARK RECONSTRUCTION,Sidewalk  Repair - Armstrong Park,Facility Improvement,7500,Planned,Armstrong Park,Sidewalk,2017,2017-02-08,f,South Side Flats,3,17,42003170200,3,17,3,4-24,40.42806308,-79.9858565
1959071253,PARK RECONSTRUCTION,Sidewalk  Repair - McKinley Park,Facility Improvement,5000,Planned,Delmont Ave from Michigan St to Amesbury St,Sidewalk,2017,2017-02-08,f,Beltzhoover,4,18,42003562400,5,18,3,4-16,40.41495709,-80.00382162
166060304,PARK RECONSTRUCTION,Sidewalk  Repair - Baxter,Facility Improvement,26000,Planned,Baxter Park,Sidewalk,2017,2017-02-08,f,Homewood North,9,13,42003130200,2,13,5,3-17,40.45608842,-79.88928567
1382632327,PARK RECONSTRUCTION,Sidewalk Repair - Brighton Heights,Facility Improvement,10000,Planned,Brighton Heights Park 1,Sidewalk,2017,2017-02-08,f,Brighton Heights,1,27,42003270800,1,27,1,1-14,40.48717632,-80.03144636
1834771191,PARK RECONSTRUCTION,Sidewalk  Repair - Legion,Facility Improvement,5000,Planned,Legion Memorial Park,Sidewalk,2017,2017-02-08,f,Brighton Heights,1,27,42003270100,1,27,1,1-14,40.48194059,-80.03465037
1797061367,PARK RECONSTRUCTION,Sidewalk  Repair - McCandless Park,Facility Improvement,6000,Planned,McCandless Park,Sidewalk,2017,2017-02-08,f,Upper Lawrenceville,7,10,42003101100,2,10,2,3-5,40.48078639,-79.95260101
153276188,PARK RECONSTRUCTION,Sidewalk  Repair - Chartiers,Facility Improvement,50000,Completed,Chartiers Park,Sidewalk,2017,2017-02-08,f,Windgap,2,28,42003563000,5,28,6,1-16,40.45718218,-80.07422147
316110855,PARK RECONSTRUCTION,Sidewalk  Repair - Troy Hill Citizen's Park,Facility Improvement,5000,Canceled,Troy Hill Citizen's Park,Sidewalk,2017,2017-02-08,f,Troy Hill,1,24,42003240600,1,24,1,1-2,40.46321886,-79.98375534
2033384131,PARK RECONSTRUCTION,Sidewalk  Repair - Mellon Park,Facility Improvement,25000,Completed,Mellon Park 1,Sidewalk,2017,2017-02-08,f,Point Breeze,8,14,42003140400,3,14,4,2-17,40.45235866,-79.91830606
631727297,PARK RECONSTRUCTION,Sidewalk  Repair - Lewis Park,Facility Improvement,14000,Planned,Lewis Park,Sidewalk,2017,2017-02-08,f,Hazelwood,5,15,42003562900,3,15,4,2-13,40.41290176,-79.94480785
1291881316,PARK RECONSTRUCTION,Sidewalk  Repair - Burgwin Park,Facility Improvement,43000,Planned,Burgwin Park,Sidewalk,2017,2017-02-08,f,Hazelwood,5,15,42003562300,3,15,4,2-13,40.40502883,-79.93679996
1039507612,PARK RECONSTRUCTION,Naturalization - Lawn & Ophelia,Facility Improvement,85000,Planned,Lawn and Ophelia Park,Sidewalk,2017,2017-02-08,f,South Oakland,6,4,42003040900,3,4,4,2-10,40.43541798,-79.96532733
1603171534,PARK RECONSTRUCTION,Sidewalk  Repair - Robert E. Williams,Facility Improvement,20000,Planned,Robert E. Williams Park,Sidewalk,2017,2017-02-08,f,Upper Hill,6,5,42003050600,3,5,2,2-22,40.45453674,-79.96005889
724061875,PARK RECONSTRUCTION,Sidewalk  Repair - Allegheny Commons Park,Facility Improvement,13000,Planned,W North Ave from Brighton Rd to Arch St,Sidewalk,2017,2017-02-08,f,Allegheny Center,1,22,42003562700,1,22,1,1-21,40.4544671,-80.01153001
2121246508,PARK RECONSTRUCTION,Sidewalk  Repair - Osceola Park,Facility Improvement,5000,Planned,Osceola Park,Sidewalk,2017,2017-02-08,f,Bloomfield,7,8,42003080400,2,8,5,3-1,40.45671579,-79.94243405
1875168517,PARK RECONSTRUCTION,Sidewalk  Repair - Marmaduke,Facility Improvement,10000,Planned,Marmaduke Park,Sidewalk,2017,2017-02-08,f,Brighton Heights,1,27,42003270100,1,27,1,1-14,40.48469399,-80.04234086
1768521605,PARK RECONSTRUCTION,Sidewalk  Repair - McKnight,Facility Improvement,10000,Planned,McKnight Park,Sidewalk,2017,2017-02-08,f,Manchester,6,21,42003210700,1,21,1,1-8,40.45200025,-80.02300794
82939880,PARK RECONSTRUCTION,Sidewalk  Repair - Phillips Park,Facility Improvement,5000,Planned,Phillips Park,Sidewalk,2017,2017-02-08,f,Carrick,4,29,42003290400,3,29,3,4-23,40.39079588,-79.99036625
83776626,PARK RECONSTRUCTION,Sidewalk  Repair - Moore Park,Facility Improvement,48000,Completed,Moore Park 1,Sidewalk,2017,2017-02-08,f,Brookline,4,19,42003191700,5,19,6,4-26,40.40539608,-80.01502789
683373708,PARK RECONSTRUCTION,Sidewalk  Repair - Stratmore,Facility Improvement,32000,Canceled,Startmore Park 1,Sidewalk,2017,2017-02-08,f,Crafton Heights,2,28,42003281500,5,28,6,1-18,40.43934561,-80.05593571
784101184,PARK RECONSTRUCTION,Sidewalk  Repair - Gladstone Park,Facility Improvement,9000,Planned,Gladstone Park,Sidewalk,2017,2017-02-08,f,Hazelwood,5,15,42003562300,3,15,4,2-12,40.41530397,-79.93890509
1141647367,STREETSCAPE AND INTERSECTION RECONSTRUCTION,Grandview Avenue Sidewalk and Curb Repair,Engineering and Construction,200000,Planned,Grandview Overlook,Sidewalk,2017,2017-02-08,f,Mount Washington,2,19,42003190300,5,19,3,4-27,40.43325756,-80.00924406
1709604652,BIKE INFRASTRUCTURE,Bike Lanes - 18th Street,Engineering and Construction,110000,Planned,,Non-Asset,2017,2017-03-01,f,South Side Slopes,3,17,42003160800,3,17,3,4-3,40.42239981,-79.97831977
1543255831,BIKE INFRASTRUCTURE,Bike Lanes - Ellsworth Avenue,Engineering and Construction,100000,Planned,,Non-Asset,2017,2017-03-01,f,Shadyside,8,7,42003070300,2,7,4,3-22,40.45275109,-79.9366742
631011957,SPORT FACILITY IMPROVEMENTS,Court Repair with ARMORÂ® Crack and Color Coating - Allegheny Commons Park Arch Street,Facility Improvement,91687.5,Completed,Allegheny Commons Basketball Court 1,Court,2017,2017-03-01,f,Allegheny Center,1,22,42003562700,1,22,1,1-7,40.45443824,-80.00809714
838094499,SPORT FACILITY IMPROVEMENTS,Court Activation Button - Allegheny Commons Park Arch Street,Facility Improvement,15600,Planned,,Non-Asset,2017,2017-03-01,f,Allegheny Center,1,22,42003562700,1,22,1,1-7,40.45444232,-80.0081025
202348059,SPORT FACILITY IMPROVEMENTS,Court Activation Button - Cowley,Facility Improvement,5200,Planned,,Non-Asset,2017,2017-03-01,f,Troy Hill,1,24,42003240600,1,24,1,1-2,40.45856902,-79.98862433
386400459,SPORT FACILITY IMPROVEMENTS,Court Activation Button - McBride Park,Facility Improvement,5200,Planned,,Non-Asset,2017,2017-03-01,f,Lincoln Place,5,31,42003310200,3,31,4,4-20,40.36980981,-79.90774667
1085701691,SPORT FACILITY IMPROVEMENTS,Court Activation Button - Moore Park,Facility Improvement,10400,In Progress,,Non-Asset,2018,2018-02-08,f,Brookline,4,19,42003191700,5,19,6,4-26,40.40479552,-80.01471154
222267082,SPORT FACILITY IMPROVEMENTS,Court Renovation with Color Coat  - Moore Park,Facility Improvement,90000,Completed,Moore Park Basketball Court 1,Court,2017,2017-03-01,f,Brookline,4,19,42003191700,5,19,6,4-26,40.40504796,-80.01467302
243194608,SPORT FACILITY IMPROVEMENTS,Court Repair with ARMORÂ® Crack and Color Coating - Ormsby Park,Facility Improvement,41250,Planned,Ormsby Park Basketball Court 1,Court,2017,2017-03-01,f,South Side Flats,3,16,42003160900,3,16,3,4-24,40.42948518,-79.97385168
1335337082,SPORT FACILITY IMPROVEMENTS,Court Activation Button - Fort Pitt Park,Facility Improvement,5200,Planned,,Non-Asset,2017,2017-03-01,f,Garfield,9,10,42003101600,2,10,5,3-4,40.47029436,-79.94172427
652658627,SPORT FACILITY IMPROVEMENTS,Court Activation Button - Allegheny Commons West Park Tennis,Facility Improvement,5200,Planned,,Non-Asset,2017,2017-03-01,f,Allegheny Center,1,22,42003562700,1,22,1,1-7,40.45215601,-80.01218168
1566874763,SPORT FACILITY IMPROVEMENTS,Court Activation Button - Enright Park,Facility Improvement,5200,Planned,,Non-Asset,2017,2017-03-01,f,East Liberty,9,8,42003111500,2,8,5,3-23,40.4617041,-79.929836
1993744611,SPORT FACILITY IMPROVEMENTS,Court Activation Button - McKinley Park,Facility Improvement,5200,In Progress,,Non-Asset,2018,2018-02-08,f,Beltzhoover,4,18,42003562400,5,18,3,4-7,40.41231249,-80.00166556
1521522321,SPORT FACILITY IMPROVEMENTS,Court Activation Button - Fairywood Park,Facility Improvement,5200,Planned,,Non-Asset,2017,2017-03-01,f,Fairywood,2,28,42003563000,5,28,6,1-16,40.4490667,-80.07986805
609954304,SPORT FACILITY IMPROVEMENTS,Court Activation Button - Arsenal Park,Facility Improvement,5200,Planned,,Non-Asset,2017,2017-03-01,f,Lower Lawrenceville,7,6,42003060300,2,6,2,3-3,40.4668547,-79.96213835
535303304,SPORT FACILITY IMPROVEMENTS,Court Activation Button - Manchester Playground,Facility Improvement,5200,Planned,,Non-Asset,2017,2017-03-01,f,Manchester,6,21,42003210700,1,21,1,1-8,40.45876577,-80.02535307
1373890833,SPORT FACILITY IMPROVEMENTS,Court Repair with ARMORÂ® Crack and Color Coating - Niagara Park,Facility Improvement,49500,Planned,Niagara Park Basketball Court 1,Court,2017,2017-03-01,f,South Oakland,3,4,42003040900,3,4,4,2-10,40.43478899,-79.96015686
140033125,SPORT FACILITY IMPROVEMENTS,Court Renovation with Color Coat - Frazier Park,Facility Improvement,26125,Planned,Frazier Park Basketball Court 1,Court,2017,2017-03-01,f,South Oakland,3,4,42003040900,3,4,4,2-11,40.42904966,-79.95421776
1380308814,SPORT FACILITY IMPROVEMENTS,Court Activation Button - Arlington Park,Facility Improvement,5200,Planned,,Non-Asset,2017,2017-03-01,f,South Side Slopes,3,16,42003160800,3,16,3,4-22,40.41794585,-79.97489223
963264725,SPORT FACILITY IMPROVEMENTS,Court Activation Button - Herschel Park,Facility Improvement,10400,Completed,,Non-Asset,2017,2017-03-01,f,Elliott,2,20,42003562600,5,20,6,1-17,40.439923,-80.04377136
1616174703,SPORT FACILITY IMPROVEMENTS,Court Activation Button - Lewis Playground,Facility Improvement,5200,Planned,,Non-Asset,2017,2017-03-01,f,Hazelwood,5,15,42003562900,3,15,4,2-13,40.41293074,-79.94487953
571300353,SPORT FACILITY IMPROVEMENTS,Court Activation Button - Magee Playground,Facility Improvement,5200,In Progress,,Non-Asset,2018,2018-02-08,f,Greenfield,5,15,42003151700,3,15,4,2-15,40.42477179,-79.93740062
1917378136,SPORT FACILITY IMPROVEMENTS,Court Repair with ARMORÂ® Crack and Color Coating - Granville Park,Facility Improvement,23156.25,In Progress,Granville Park Basketball Court 1,Court,2018,2018-09-26,f,Crawford-Roberts,6,3,42003030500,3,3,2,2-1,40.4442639,-79.98287361
1230345016,SPORT FACILITY IMPROVEMENTS,Court Repair with ARMORÂ® Crack and Color Coating - Robert E Williams Park,Facility Improvement,10968.75,In Progress,Robert E. Williams Park Basketball Court 1 Herron,Court,2018,2018-09-26,f,Upper Hill,6,5,42003050600,3,5,2,2-22,40.45475634,-79.95967297
1497890897,SPORT FACILITY IMPROVEMENTS,Court Activation Button - Marmaduke,Facility Improvement,5200,Completed,,Non-Asset,2017,2017-03-01,f,Brighton Heights,1,27,42003270100,1,27,1,1-14,40.48438837,-80.0431004
1833192417,SPORT FACILITY IMPROVEMENTS,ADA Bleachers for Dek Hockey - Marmaduke,Facility Improvement,39000,Completed,Marmaduke Park Dek Hockey Court,Court,2017,2017-03-01,f,Brighton Heights,1,27,42003270100,1,27,1,1-14,40.48449347,-80.04304878
132071348,SPORT FACILITY IMPROVEMENTS,Court Activation Button - Paulson Playground,Facility Improvement,5200,Planned,,Non-Asset,2017,2017-03-02,f,Lincoln-Lemington-Belmar,9,12,42003120300,2,12,5,3-15,40.46851517,-79.89967363
1298882467,SPORT FACILITY IMPROVEMENTS,Court Activation Button - Joe Natoli Playground,Facility Improvement,5200,Canceled,,Non-Asset,2017,2017-03-02,f,Morningside,7,10,42003101400,2,10,5,3-7,40.48431105,-79.92532359
658990937,SPORT FACILITY IMPROVEMENTS,Court Activation Button - Kennard Park,Facility Improvement,5200,In Progress,,Non-Asset,2018,2018-09-26,f,Terrace Village,6,5,42003051000,3,5,2,2-10,40.4437307,-79.97329222
1836552447,SPORT FACILITY IMPROVEMENTS,Court Activation Button - Spring Hill Park,Facility Improvement,5200,Planned,,Non-Asset,2017,2017-03-02,f,Spring Hill-City View,1,26,42003262000,1,26,1,1-11,40.47024854,-79.99325153
221645687,SPORT FACILITY IMPROVEMENTS,Court Activation Button - East Hills,Facility Improvement,5200,In Progress,,Non-Asset,2018,2018-09-26,f,East Hills,9,13,42003130600,2,13,5,3-19,40.45361255,-79.87137732
141982731,SPORT FACILITY IMPROVEMENTS,Court Repair with ARMORÂ® Crack and Color Coating - Kennard Park,Facility Improvement,77062.5,In Progress,Kennard Park Basketball Court 4,Court,2018,2018-09-26,f,Terrace Village,6,5,42003051000,3,5,2,2-10,40.44362804,-79.97297452
1446706248,SPORT FACILITY IMPROVEMENTS,Court Renovation with Color Coat - Spring Hill Park,Facility Improvement,121000,Planned,Spring Hill Park Hockey Court 1,Court,2017,2017-03-02,f,Spring Hill-City View,1,26,42003262000,1,26,1,1-11,40.47025695,-79.9931282
243930016,SPORT FACILITY IMPROVEMENTS,Court Repair with ARMORÂ® Crack and Color Coating - Winters Park,Facility Improvement,26250,In Progress,Winters Park Basketball Court 1,Court,2018,2018-09-26,f,South Side Slopes,3,17,42003170600,3,17,3,4-3,40.42295968,-79.98143495
111785401,SPORT FACILITY IMPROVEMENTS,Court Repair with ARMORÂ® Crack and Color Coating - Stratmore Park,Facility Improvement,55312.5,Canceled,Stratmore Park Basketball Court 1,Court,2017,2017-03-02,f,Crafton Heights,2,28,42003281500,5,28,6,1-18,40.43964836,-80.05618254
1549788813,SPORT FACILITY IMPROVEMENTS,Court Repair with ARMORÂ® Crack and Color Coating - Vincennes Park,Facility Improvement,19125,In Progress,Vincennes Park Basketball Court 1,Court,2018,2018-09-26,f,Middle Hill,6,5,42003050100,3,5,2,2-5,40.45120439,-79.96770468
850575494,SPORT FACILITY IMPROVEMENTS,,Facility Improvement,50000,Planned,Alton Concession Stand,Facility,2017,2017-03-02,f,Beechview,4,19,42003191600,5,19,6,4-28,40.41437232,-80.02177553
1082939755,AUDIBLE PEDESTRIAN AND TRAFFIC SIGNALS,Haberman/Warrington/Busway Intersection Signal Update Design and Construction,Engineering and Construction,25000,Canceled,,Non-Asset,2017,2017-03-02,f,Mount Washington,3,18,42003562400,5,18,3,4-16,40.42108072,-80.00245965
225411715,18TH STREET SIGNAL UPDATES (TIP),Preliminary Engineering,Engineering and Construction,52600,In Progress,,Non-Asset,2018,2018-02-08,f,South Side Slopes,3,17,42003160800,3,17,3,4-3,40.42239573,-79.97832514
1782220567,18TH STREET SIGNAL UPDATES (TIP),Preliminary Engineering,Engineering and Construction,210400,In Progress,,Non-Asset,2018,2018-02-08,f,South Side Slopes,3,17,42003160800,3,17,3,4-3,40.42254275,-79.97820176
856704340,BIKE INFRASTRUCTURE,Bike Lanes - Brighton Road,Engineering and Construction,70000,Planned,,Non-Asset,2017,2017-03-02,f,California-Kirkbride,6,25,42003220600,1,25,1,1-21,40.45610355,-80.01540399
1856775266,"PENN AVENUE RECONSTRUCTION, PHASE II (TIP)",Final Design,Engineering and Construction,100000,Planned,,Non-Asset,2017,2017-03-02,f,Bloomfield,7,8,42003080900,2,8,5,3-23,40.46475233,-79.94117118
1379514684,"PENN AVENUE RECONSTRUCTION, PHASE II (TIP)",Penn Avenue and Evaline Street,Engineering and Construction,400000,In Progress,,Non-Asset,2018,2018-02-08,f,Bloomfield,7,8,42003080900,2,8,5,3-23,40.46475642,-79.94117654
520868950,SMITHFIELD STREET (TIP),Smithfield Street - Forbes Avenue to 6th Avenue,Engineering and Construction,150000,Planned,,Non-Asset,2017,2017-03-02,f,Central Business District,6,2,42003020100,6,2,2,1-3,40.44144372,-79.99774433
2142286454,SMITHFIELD STREET (TIP),Smithfield Street - Forbes Avenue to 6th Avenue,Engineering and Construction,600000,Planned,,Non-Asset,2017,2017-03-02,f,Central Business District,6,2,42003020100,6,2,2,1-3,40.4414478,-79.9977497
1270928541,STREET RESURFACING,Sampsonia Way Green Alley,Engineering and Construction,150000,Planned,,Non-Asset,2017,2017-03-02,f,Central Northside,1,25,42003250300,1,25,1,1-21,40.456984,-80.011381
1431663848,STREETSCAPE AND INTERSECTION RECONSTRUCTION,Allegheny Circle Phase 2 (SMART),Engineering and Construction,735343,In Progress,,Non-Asset,2018,2018-02-08,f,Allegheny Center,1,22,42003562700,1,22,1,1-6,40.45244494,-80.00557134
2109039920,STREETSCAPE AND INTERSECTION RECONSTRUCTION,Allegheny Circle Phase 2 (SMART),Engineering and Construction,741196,In Progress,,Non-Asset,2018,2018-02-08,f,Allegheny Center,1,22,42003562700,1,22,1,1-6,40.45244902,-80.0055767
714423902,STREETSCAPE AND INTERSECTION RECONSTRUCTION,Broadway Avenue Complete Streets Streetscape Improvements - Design,Engineering and Construction,150000,In Progress,,Non-Asset,2018,2018-02-08,f,Beechview,2,20,42003192000,5,20,6,4-28,40.40651309,-80.02824245
869288104,STREETSCAPE AND INTERSECTION RECONSTRUCTION,Haberman/Warrington/Busway Intersection Crosswalks and Signage,Engineering and Construction,15000,Canceled,,Non-Asset,2017,2017-03-02,f,Beltzhoover,3,18,42003562400,5,18,3,4-16,40.42106172,-80.00242376
1005385149,STREETSCAPE AND INTERSECTION RECONSTRUCTION,Lowrie Street,Engineering and Construction,80000,Completed,,Non-Asset,2017,2017-03-02,f,Troy Hill,1,24,42003240600,1,24,1,1-2,40.46448031,-79.98211894
1416406457,STREETSCAPE AND INTERSECTION RECONSTRUCTION,SS Neighborhood Street (SMART),Engineering and Construction,149857,In Progress,,Non-Asset,2018,2018-02-08,f,South Side Flats,3,17,42003170200,3,17,3,4-24,40.4299465,-79.98192829
979007814,STREETSCAPE AND INTERSECTION RECONSTRUCTION,SS Neighborhood Street (SMART),Engineering and Construction,599426,In Progress,,Non-Asset,2018,2018-02-08,f,South Side Flats,3,17,42003170200,3,17,3,4-24,40.42995058,-79.98193366
10706957,STREETSCAPE AND INTERSECTION RECONSTRUCTION,Trelona Way Reconstruction,Engineering and Construction,100000,Planned,,Non-Asset,2017,2017-03-02,f,Brookline,4,19,42003191800,5,19,6,4-26,40.39361083,-80.0206433
435407467,SPORT FACILITY IMPROVEMENTS,Court Repair with ARMORÂ® Crack and Color Coating - Jefferson Park,Facility Improvement,19687.5,In Progress,Jefferson Park Basketball Court 1,Court,2018,2018-09-26,f,Central Northside,6,25,42003250300,1,25,1,1-21,40.45896625,-80.01454525
938797441,SPORT FACILITY IMPROVEMENTS,Court Repair with ARMORÂ® Crack and Color Coating - Jefferson Park,Facility Improvement,19687.5,In Progress,Jefferson Park Basketball Court 2,Court,2018,2018-09-26,f,Central Northside,6,25,42003250300,1,25,1,1-21,40.45899744,-80.0143726
2128765013,SPORT FACILITY IMPROVEMENTS,Court Repair with ARMORÂ® Crack and Color Coating - McKinley Park,Facility Improvement,22687.5,In Progress,McKinley Park Tennis Court 3,Court,2018,2018-09-26,f,Beltzhoover,4,18,42003562400,5,18,3,4-7,40.41227564,-80.00119159
806581670,SPORT FACILITY IMPROVEMENTS,Court Repair with ARMORÂ® Crack and Color Coating - McKinley Park,Facility Improvement,22687.5,In Progress,McKinley Park Tennis Court 4,Court,2018,2018-09-26,f,Beltzhoover,4,18,42003562400,5,18,3,4-7,40.4122481,-80.00098522
1175169281,SPORT FACILITY IMPROVEMENTS,Court Repair with ARMORÂ® Crack and Color Coating - Arlington Park,Facility Improvement,38250,Canceled,Arlington Park Basketball Court 1,Court,2017,2017-03-07,f,South Side Slopes,3,16,42003160800,3,16,3,4-22,40.41798058,-79.97503222
108565470,SPORT FACILITY IMPROVEMENTS,Court Repair with ARMORÂ® Crack and Color Coating - Phillips Park,Facility Improvement,21750,In Progress,Phillips Park Tennis Court 1,Court,2018,2018-09-26,f,Carrick,4,29,42003290400,3,29,3,4-23,40.38844551,-79.98980977
17162819,SPORT FACILITY IMPROVEMENTS,Court Repair with ARMORÂ® Crack and Color Coating - Phillips Park,Facility Improvement,21750,In Progress,Phillips Park Basketball Court 1,Court,2018,2018-09-26,f,Carrick,4,29,42003290400,3,29,3,4-23,40.38835971,-79.98996668
1455673214,SPORT FACILITY IMPROVEMENTS,Court Renovation with Color Coat - Arsenal Park,Facility Improvement,28500,Planned,Arsenal Basketball Court 1,Court,2017,2017-03-07,f,Lower Lawrenceville,7,6,42003060300,2,6,2,3-3,40.46692814,-79.96225164
1174677079,SPORT FACILITY IMPROVEMENTS,Court Renovation with Color Coat - Arsenal Park,Facility Improvement,28500,Planned,Arsenal Hockey Court 1,Court,2017,2017-03-07,f,Lower Lawrenceville,7,6,42003060300,2,6,2,3-3,40.46675358,-79.96200742
1281040949,TRAIL DEVELOPMENT,Mon Wharf Switchback - Design and Construction,Engineering and Construction,100000,In Progress,,Non-Asset,2018,2018-02-08,f,Central Business District,6,1,42003020100,6,1,2,1-4,40.43632668,-80.00120052
1331003671,TRAIL DEVELOPMENT,Mon Wharf Switchback - Design and Construction,Engineering and Construction,2900000,In Progress,,Non-Asset,2018,2018-02-08,f,Central Business District,6,1,42003020100,6,1,2,1-4,40.43633076,-80.00120589
2069679765,TRAIL DEVELOPMENT,Washington Boulevard Multimodal Path Design/Engineering (SMART Transportation Grant),Engineering and Construction,109755,Planned,,Non-Asset,2017,2017-03-15,f,Highland Park,7,12,42003980100,2,12,5,3-15,40.48397493,-79.9078933
1715780576,TRAIL DEVELOPMENT,Washington Boulevard Multimodal Path Construction (SMART Transportation Grant),Engineering and Construction,448471,Planned,,Non-Asset,2017,2017-03-15,f,Highland Park,7,12,42003980100,2,12,5,3-15,40.48397901,-79.90789867
714473310,RAMP AND PUBLIC SIDEWALK,Pinecastle Avenue sidewalk reconstruction,Engineering and Construction,50000,Completed,Pinecastle Ave,Sidewalk,2017,2017-03-15,f,Overbrook,4,32,42003320700,5,32,3,4-25,40.38266563,-79.99840383
1745906161,BEECHVIEW COMMUNITY AND SENIOR CENTER,Beechview Senior Center Closeout,Facility Improvement,250000,Completed,Beechview Senior and Community Center,Facility,2018,2018-02-08,f,Beechview,4,19,42003191600,5,19,6,4-28,40.41073201,-80.0243584
1464142515,7500 - FACILITY IMPROVEMENTS,EIFS & Glazing Replacement,Facility Improvement,380000,Completed,Firehouse 22,Facility,2017,2017-08-28,f,South Side Slopes,3,16,42003170600,3,16,3,4-22,40.4182136,-79.9789714
1137635699,7500 - FACILITY IMPROVEMENTS,Exterior Masonry Repairs by Contractor,Facility Improvement,167000,Completed,Firehouse 26,Facility,2017,2017-03-20,f,Brookline,4,19,42003191800,5,19,6,4-26,40.39479049,-80.02185285
913335422,7500 - FACILITY IMPROVEMENTS,,Facility Improvement,122595,Completed,Arsenal Park Building,Roofing System,2017,2017-04-03,f,Lower Lawrenceville,7,6,42003060300,2,6,2,3-3,40.46681008,-79.96031548
759573196,7500 - FACILITY IMPROVEMENTS,,Facility Improvement,24414.57,Completed,Arsenal Park Building,Facility,2017,2017-04-17,f,Lower Lawrenceville,7,6,42003060300,2,6,2,3-3,40.46676128,-79.96032511
2001704845,7500 - FACILITY IMPROVEMENTS,Exterior Masonry Repairs,Facility Improvement,187000,Completed,Firehouse 28,Facility,2017,2017-05-15,f,Beechview,4,19,42003191600,5,19,6,4-28,40.41312224,-80.02517411
392003694,7500 - FACILITY IMPROVEMENTS,Exterior Masonry Repairs and Cleaning,Facility Improvement,,Completed,Olympia Park Recreation Center,Facility,2017,2017-06-08,f,Mount Washington,2,19,42003190300,5,19,3,4-1,40.43127842,-80.01830677
302632301,,Exterior Masonry Repairs,,,Completed,Firehouse 19,Facility,2017,2017-08-02,f,Swisshelm Park,5,14,42003141100,3,14,4,2-19,40.42081761,-79.89982829
203837658,7500 - FACILITY IMPROVEMENTS,Law Dept Abatement & Renovation,Facility Improvement,75000,Completed,City-County Building,Facility,2017,2017-11-14,f,Central Business District,6,1,42003020100,6,1,2,1-4,40.43812088,-79.9968965
1969596196,ADA COMPLIANCE,Glen Hazel - Hearing Loops in Healthy Active Living Centers,Administration/Sub-Award,7000,Planned,Glen Hazel Senior Center,Facility,2018,2018-02-12,f,Glen Hazel,5,15,42003562300,3,15,4,2-13,40.4067371,-79.93311122
1068007412,ADA COMPLIANCE,Mt. Washington - Hearing Loops in Healthy Active Living Centers,Administration/Sub-Award,7000,Planned,Mount Washington Senior Center,Facility,2018,2018-02-12,f,Mount Washington,2,19,42003191400,5,19,3,4-27,40.43005944,-80.00798976
2064048649,ADA COMPLIANCE,North Side - Hearing Loops in Healthy Active Living Centers,Administration/Sub-Award,6000,Planned,Allegheny Northside Senior Center and Hazlett Theater,Facility,2018,2018-02-12,f,Allegheny Center,1,22,42003562700,1,22,1,1-6,40.45309849,-80.00533248
1805006246,BOB O'CONNOR GOLF COURSE,Bob O'Connor Golf Course,Facility Improvement,200000,Planned,Schenley Park Golf Course Clubhouse,Facility,2018,2018-02-12,f,Squirrel Hill North,5,14,42003140100,3,14,4,2-8,40.4383258,-79.93462781
854699887,FACILITY IMPROVEMENTS - CITY FACILITIES,City-County Building - Elevator Modernization,Facility Improvement,722952,Planned,City-County Building,Facility,2018,2018-02-12,f,Central Business District,6,1,42003020100,6,1,2,1-4,40.43812088,-79.9968965
2097493471,FACILITY IMPROVEMENTS - CITY FACILITIES,City-County Building - Roof,Facility Improvement,1200000,In Progress,City-County Building,Facility,2018,2018-08-15,f,Central Business District,6,1,42003020100,6,1,2,1-4,40.43812088,-79.9968965
883313563,FACILITY IMPROVEMENTS - CITY FACILITIES,City-Owned Facilities - Demolition and Abatement,Facility Improvement,532893,In Progress,City-County Building,Facility,2018,2018-08-15,f,Central Business District,6,1,42003020100,6,1,2,1-4,40.43812088,-79.9968965
112797324,FACILITY IMPROVEMENTS - CITY FACILITIES,Division 1 - Asbestos Abatement,Facility Improvement,125000,In Progress,Public Works 1st Division Main Building,Facility,2018,2018-11-16,f,Perry North,1,26,42003980400,1,26,1,1-15,40.47813265,-80.01741364
1156526154,FACILITY IMPROVEMENTS - CITY FACILITIES,Division 1 - Roof Replacement,Facility Improvement,300000,Planned,Public Works 1st Division Main Building,Facility,2018,2018-02-12,f,Perry North,1,26,42003980400,1,26,1,1-15,40.47813265,-80.01741364
1350608789,FACILITY IMPROVEMENTS - CITY FACILITIES,Division 5 - Insulated Metal Siding,Facility Improvement,500000,Planned,Public Works 5th Division Main Building,Facility,2018,2018-02-12,f,Elliott,2,20,42003562600,5,20,6,1-17,40.43951005,-80.04657167
1348599314,FACILITY IMPROVEMENTS - CITY FACILITIES,Division 5 - Structural Repairs,Facility Improvement,100000,Planned,Public Works 5th Division Main Building,Facility,2018,2018-02-12,f,Elliott,2,20,42003562600,5,20,6,1-17,40.43951005,-80.04657167
1515070709,FACILITY IMPROVEMENTS - PUBLIC SAFETY FACILITIES,Fire Station 20/Medic 12 - Renovation,Facility Improvement,500000,Planned,Firehouse 20 Medic 12,Facility,2018,2018-02-12,f,Hays,5,31,42003562900,3,31,4,4-20,40.38577234,-79.93301519
1437777016,FACILITY IMPROVEMENTS - PUBLIC SAFETY FACILITIES,"Fire Station 24 - Interior (Abatement, Repairs)",Facility Improvement,250000,Planned,Firehouse 24,Facility,2018,2018-02-12,f,South Side Flats,3,17,42003170200,3,17,3,4-24,40.42634759,-79.98130067
693558098,FACILITY IMPROVEMENTS - PUBLIC SAFETY FACILITIES,Fire Station 24 - Roof Replacement,Facility Improvement,350000,Completed,Firehouse 24,Facility,2018,2018-08-15,f,South Side Flats,3,17,42003170200,3,17,3,4-24,40.42634759,-79.98130067
2107740644,FACILITY IMPROVEMENTS - PUBLIC SAFETY FACILITIES,Fire Station 35 - Stair Replacement,Facility Improvement,25000,Planned,Firehouse 35,Facility,2018,2018-02-12,f,Brighton Heights,1,27,42003270100,1,27,1,1-14,40.4817361,-80.03897114
924362290,FACILITY IMPROVEMENTS - PUBLIC SAFETY FACILITIES,Fire Station 35 - Tower Roof Repairs,Facility Improvement,25000,In Progress,Firehouse 35,Facility,2018,2018-08-15,f,Brighton Heights,1,27,42003270100,1,27,1,1-14,40.4817361,-80.03897114
964796143,FACILITY IMPROVEMENTS - PUBLIC SAFETY FACILITIES,Fire Station 7 - Exterior Masonry Repairs,Facility Improvement,200000,In Progress,Firehouse 07 Arson,Facility,2018,2018-08-15,f,Stanton Heights,7,10,42003101800,2,10,5,3-7,40.48146765,-79.937267
561880673,FACILITY IMPROVEMENTS - PUBLIC SAFETY FACILITIES,Fire Station 7 - Windows & Doors,Facility Improvement,50000,Completed,Firehouse 07 Arson,Facility,2018,2018-02-12,f,Stanton Heights,7,10,42003101800,2,10,5,3-7,40.48146765,-79.937267
1356013768,FACILITY IMPROVEMENTS - PUBLIC SAFETY FACILITIES,Medic 14/Rescue 2 - Exterior Painting,Facility Improvement,50000,Canceled,Medic 14 Rescue 2 Police Bike Patrol,Facility,2018,2018-02-12,f,Central Business District,6,1,42003020100,6,1,2,1-4,40.43774135,-80.00072918
182977465,FACILITY IMPROVEMENTS - PUBLIC SAFETY FACILITIES,Medic 3/Police Zone 6 - Exterior Masonry Repairs,Facility Improvement,150000,Completed,Medic 03 Police Zone 06,Facility,2018,2018-02-12,f,West End,2,20,42003562600,5,20,6,1-17,40.4421085,-80.03228339
959571783,FACILITY IMPROVEMENTS - PUBLIC SAFETY FACILITIES,Medic 3/Police Zone 6 - Roof Replacement,Facility Improvement,200000,In Progress,Medic 03 Police Zone 06,Facility,2018,2018-11-16,f,West End,2,20,42003562600,5,20,6,1-17,40.4421085,-80.03228339
1571746225,FACILITY IMPROVEMENTS - PUBLIC SAFETY FACILITIES,Medic 9 - Roof Replacement,Facility Improvement,175000,In Progress,Medic 09 Rescue 1,Facility,2018,2018-08-15,f,Bloomfield,7,8,42003080400,2,8,5,2-23,40.45494941,-79.94805869
501676680,FACILITY IMPROVEMENTS - RECREATION AND SENIOR CENTERS,Brighton Heights Senior Center - Repairs,Facility Improvement,50000,Planned,Medic 09 Rescue 1,Facility,2018,2018-02-12,f,Bloomfield,7,8,42003080400,2,8,5,2-23,40.45494941,-79.94805869
207136888,FACILITY IMPROVEMENTS - RECREATION AND SENIOR CENTERS,Brookline Recreation Center - Refinish Gymnasium Floor,Facility Improvement,50000,Completed,Brookline Recreation Center,Facility,2018,2018-02-12,f,Brookline,4,32,42003320600,5,32,6,4-26,40.39124725,-80.00840262
1826819069,FACILITY IMPROVEMENTS - RECREATION AND SENIOR CENTERS,Homewood Senior Center - ADA Accessibility Design,Facility Improvement,25000,In Progress,Homewood Senior Center,Facility,2018,2018-11-16,f,Homewood North,9,13,42003130200,2,13,5,3-17,40.45690353,-79.89300124
621026857,FACILITY IMPROVEMENTS - RECREATION AND SENIOR CENTERS,South Side Market House - Completion of HVAC,Facility Improvement,456000,Planned,Southside Market House,Facility,2018,2018-02-12,f,South Side Flats,3,17,42003170200,3,17,3,4-24,40.4294384,-79.98642546
1415797791,FACILITY IMPROVEMENTS - RECREATION AND SENIOR CENTERS,Warrington Rec Center - Elevator Replacement,Facility Improvement,800000,Planned,Warrington Recreation Center,Facility,2018,2018-02-12,f,Beltzhoover,3,18,42003562400,5,18,3,4-5,40.42125694,-80.00095251
771100033,FACILITY IMPROVEMENTS - RECREATION AND SENIOR CENTERS,Warrington Rec Center - Roof Replacement,Facility Improvement,260000,Planned,Warrington Recreation Center,Facility,2018,2018-02-12,f,Beltzhoover,3,18,42003562400,5,18,3,4-5,40.42125694,-80.00095251
1616589453,COMPREHENSIVE PLAN,Emerald View Park - Master Site Plan,Administration/Sub-Award,329889,Planned,Emerald View Regional Park,Park,2018,2018-02-12,f,Mount Washington,2,19,42003191400,5,19,3,4-27,40.42930627,-80.01174001
1198098818,COMPREHENSIVE PLAN,Sheraden Park Master Plan,Administration/Sub-Award,80000,Planned,Sheraden Park,Park,2018,2018-02-12,f,Sheraden,2,20,42003562500,5,20,6,1-16,40.45834962,-80.05993277
1119841190,PARK RECONSTRUCTION,Allegheny Commons Park - Sidewalk Repair,Facility Improvement,90000,Planned,Allegheny Commons,Park,2018,2018-02-12,f,Allegheny Center,1,22,42003562700,1,22,1,1-6,40.45291279,-80.0077312
846358672,PARK RECONSTRUCTION,Brookline Park - Park Lighting Upgrade,Facility Improvement,120000,Planned,Brookline Memorial Park,Park,2018,2018-02-12,f,Brookline,4,32,42003320600,5,32,6,4-25,40.39012622,-80.00412481
1808052567,PARK RECONSTRUCTION,Larimer Park - Sidewalk Repair,Facility Improvement,27000,Planned,Larimer Park,Park,2018,2018-02-12,f,Larimer,9,12,42003120400,2,12,5,3-12,40.46642019,-79.9129958
1672822440,PARK RECONSTRUCTION,Leolyn Park - Sidewalk Repair,Facility Improvement,9500,Planned,Leolyn Park,Park,2018,2018-02-12,f,Carrick,4,29,42003290200,3,29,3,4-12,40.39924931,-79.98590776
1572739082,PARK RECONSTRUCTION,McKnight Park - Sidewalk Repair,Facility Improvement,45000,Planned,McKnight Park,Park,2018,2018-02-12,f,Manchester,6,21,42003210700,1,21,1,1-8,40.45199672,-80.02299209
342951413,PARK RECONSTRUCTION,Paulson Park - Sidewalk Repair,Facility Improvement,24120,Planned,Paulson Park,Park,2018,2018-02-12,f,Lincoln-Lemington-Belmar,9,12,42003120300,2,12,5,3-15,40.46853814,-79.90022215
1096990773,PARK RECONSTRUCTION,Phillips Park Improvements,Facility Improvement,450000,Planned,Phillips Park,Park,2018,2018-02-12,f,Carrick,4,29,42003290400,3,29,3,4-23,40.39059421,-79.99145985
1871843355,PARK RECONSTRUCTION,Spring Garden Park - Sidewalk Repair,Facility Improvement,36000,Planned,Spring Garden Park,Park,2018,2018-02-12,f,Spring Garden,1,24,42003241200,1,24,1,1-24,40.46553608,-79.98570251
232384069,PARK RECONSTRUCTION,Stratmore Parklet - Sidewalk Repair,Facility Improvement,32000,Planned,Stratmore Park,Park,2018,2018-02-12,f,Crafton Heights,2,28,42003281500,5,28,6,1-18,40.43948948,-80.05610863
2081497510,PARK RECONSTRUCTION,Wightman Park Improvements and Green Stormwater Mitigation,Facility Improvement,4003435,Planned,Wightman Park,Park,2018,2018-04-04,f,Squirrel Hill North,8,14,42003140300,3,14,4,2-18,40.44333612,-79.92706413
1267296161,PLAY AREA IMPROVEMENTS,Allegheny Commons Park - Replace Parts,Facility Improvement,4000,Completed,Sue Murray Playground,Playground,2018,2018-02-12,f,Allegheny Center,1,22,42003562700,1,22,1,1-6,40.45163242,-80.00154689
2083103113,PLAY AREA IMPROVEMENTS,Allegheny Commons Park - Safety Surface,Facility Improvement,57000,Planned,Sue Murray Playground,Playground,2018,2018-04-04,f,Allegheny Center,1,22,42003562700,1,22,1,1-6,40.45163242,-80.00154689
671697274,PLAY AREA IMPROVEMENTS,Esplen Tot Lot - Safety Surface,Facility Improvement,40800,Planned,Esplen Playground,Playground,2018,2018-04-04,f,Esplen,2,20,42003562500,5,20,6,1-27,40.46069885,-80.05082512
1513696788,PLAY AREA IMPROVEMENTS,Herschel Playground - New Safety Surface,Facility Improvement,64434,In Progress,Herschel Playground,Playground,2018,2018-04-04,f,Elliott,2,20,42003562600,5,20,6,1-17,40.44027003,-80.04339874
1346544031,PLAY AREA IMPROVEMENTS,Herschel Playground - Paint Structure,Facility Improvement,15000,In Progress,Herschel Playground,Playground,2018,2018-09-26,f,Elliott,2,20,42003562600,5,20,6,1-17,40.44027003,-80.04339874
1940185223,PLAY AREA IMPROVEMENTS,Herschel Playground - Replace Parts,Facility Improvement,7000,In Progress,Herschel Playground,Playground,2018,2018-09-26,f,Elliott,2,20,42003562600,5,20,6,1-17,40.44027003,-80.04339874
1323554571,PLAY AREA IMPROVEMENTS,Ormsby Park - Replace Parts,Facility Improvement,7000,Completed,Ormsby Playground,Playground,2018,2018-02-12,f,South Side Flats,3,16,42003160900,3,16,3,4-24,40.42938194,-79.97419171
20346609,PLAY AREA IMPROVEMENTS,Ormsby Park - Safety Surface,Facility Improvement,81005,Completed,Ormsby Playground,Playground,2018,2018-04-04,f,South Side Flats,3,16,42003160900,3,16,3,4-24,40.42938194,-79.97419171
1639169362,PLAY AREA IMPROVEMENTS,Osceola Park - Replace Parts,Facility Improvement,7000,Completed,Osceola Playground,Playground,2018,2018-02-12,f,Bloomfield,7,8,42003080400,2,8,5,3-1,40.45684401,-79.94231097
1174763118,PLAY AREA IMPROVEMENTS,Osceola Park - Safety Surface,Facility Improvement,67711,Completed,Osceola Playground,Playground,2018,2018-04-04,f,Bloomfield,7,8,42003080400,2,8,5,3-1,40.45684401,-79.94231097
1517385010,PLAY AREA IMPROVEMENTS,Stratmore Parklet - New Play Structure,Facility Improvement,70000,Completed,Stratmore Playground,Playground,2018,2018-04-04,f,Crafton Heights,2,28,42003281500,5,28,6,1-18,40.43929832,-80.0559964
1420512576,PLAY AREA IMPROVEMENTS,Stratmore Parklet - New Safety Surface,Facility Improvement,30000,Completed,Stratmore Playground,Playground,2018,2018-04-04,f,Crafton Heights,2,28,42003281500,5,28,6,1-18,40.43929832,-80.0559964
1809432803,PLAY AREA IMPROVEMENTS,Tropical Park - Replace Parts,Facility Improvement,7000,Completed,Tropical Playground,Playground,2018,2018-02-12,f,Beechview,4,19,42003191600,5,19,6,4-28,40.4222422,-80.02399698
954700445,PLAY AREA IMPROVEMENTS,Tropical Park - Safety Surface,Facility Improvement,71400,Completed,Tropical Playground,Playground,2018,2018-06-15,f,Beechview,4,19,42003191600,5,19,6,4-28,40.4222422,-80.02399698
1199496578,PLAY AREA IMPROVEMENTS,Vincennes Park - Replace Parts,Facility Improvement,7000,Completed,Vincennes Playground,Playground,2018,2018-02-12,f,Middle Hill,6,5,42003050100,3,5,2,2-5,40.45128239,-79.96741712
1682304263,PLAY AREA IMPROVEMENTS,Vincennes Park - Safety Surface,Facility Improvement,60537,Completed,Vincennes Playground,Playground,2018,2018-04-04,f,Middle Hill,6,5,42003050100,3,5,2,2-5,40.45128239,-79.96741712
574757126,PLAY AREA IMPROVEMENTS,Woods Run Park - Replace Parts,Facility Improvement,7000,Completed,Woods Run Playground,Playground,2018,2018-02-12,f,Marshall-Shadeland,1,27,42003271500,1,27,1,1-14,40.47636229,-80.02924769
335387194,PLAY AREA IMPROVEMENTS,Woods Run Park - Safety Surface,Facility Improvement,78200,Completed,Woods Run Playground,Playground,2018,2018-06-15,f,Marshall-Shadeland,1,27,42003271500,1,27,1,1-14,40.47636229,-80.02924769
130752420,CHARLES ANDERSON BRIDGE (TIP),Charles Anderson Bridge - Final Design,Engineering and Construction,2000000,Planned,Charles Anderson Bridge,Bridge,2018,2018-02-12,f,Central Oakland,3,4,42003040900,3,4,4,2-8,40.43441416,-79.95013126
1309090115,SWINBURNE BRIDGE (TIP),Swinburne Bridge - Preliminary Design,Engineering and Construction,800000,Planned,Swinburne Street Bridge,Bridge,2018,2018-02-12,f,Greenfield,5,15,42003151600,3,15,4,2-12,40.42654976,-79.95038697
2104348746,WEST OHIO STREET BRIDGE (TIP),West Ohio Street Bridge - Construction,Engineering and Construction,394176.2,Planned,West Ohio Street Bridge,Bridge,2018,2018-02-12,f,Allegheny West,1,22,42003562700,1,22,1,1-7,40.45161859,-80.01067255
215547825,FACILITY IMPROVEMENTS - SPORT FACILITIES,Brookline Park - Ballfield Fence Repair/Paint,Facility Improvement,20000,Planned,Danny McGibbeny Memorial Field,Playing Field,2018,2018-02-12,f,Brookline,4,32,42003320600,5,32,6,4-26,40.39161221,-80.00684349
880494884,FACILITY IMPROVEMENTS - SPORT FACILITIES,Brookline Park - ADA Bleachers for Dek Hockey,Facility Improvement,48000,Planned,Brookline Memorial Park Dek Hockey Court 1,Court,2018,2018-02-12,f,Brookline,4,32,42003320600,5,32,6,4-26,40.39091649,-80.00748758
1362504540,FACILITY IMPROVEMENTS - SPORT FACILITIES,Banksville Park - ADA Bleachers for Dek Hockey,Facility Improvement,48000,Planned,Banksville Park Dek Hockey Court 1,Court,2018,2018-02-12,f,Banksville,2,20,42003202300,5,20,6,4-9,40.41439491,-80.03905079
1819313483,FACILITY IMPROVEMENTS - SPORT FACILITIES,Paul J. Sciullo II Memorial Park - ADA Bleachers for Dek Hockey,Facility Improvement,48000,Planned,Paul J Sciullo Dek Hockey 1,Court,2018,2018-02-12,f,Bloomfield,7,8,42003080200,2,8,5,3-6,40.4625438,-79.95351477
1297955858,STEP REPAIR AND REPLACEMENT,Stanton Ave to McCandless Ave Step Repairs,Engineering and Construction,150000,Planned,Stanton Ave to McCandless Ave,Step,2018,2018-02-12,f,Stanton Heights,9,10,42003101800,2,10,5,3-5,40.47789242,-79.94748184
324645709,SLOPE FAILURE REMEDIATION,,Engineering and Construction,1500000,Planned,Brahm St,Retaining Wall,2018,2018-02-12,f,Spring Hill-City View,1,24,42003262000,1,24,1,1-24,40.46491451,-79.99852714
957216866,AUDIBLE PEDESTRIAN AND TRAFFIC SIGNALS,Countdown Pedestrian Signal Upgrade,Engineering and Construction,70000,Planned,TS529,Signalized Intersection,2018,2018-02-12,f,Squirrel Hill North,8,14,42003140300,3,14,4,2-18,40.44385115,-79.92051276
1320892726,AUDIBLE PEDESTRIAN AND TRAFFIC SIGNALS,North Avenue - Design,Engineering and Construction,626000,Planned,TS206,Signalized Intersection,2018,2018-02-12,f,East Allegheny,1,22,42003563200,1,22,1,1-6,40.45621897,-80.00262081
281751945,FACILITY IMPROVEMENTS - SPORT FACILITIES,McBride Park - Dek Hockey,Facility Improvement,48000,Planned,McBride Park Basketball Court,Court,2018,2018-02-12,f,Lincoln Place,5,31,42003310200,3,31,4,4-20,40.36982838,-79.90775229
503209239,STEP REPAIR AND REPLACEMENT,,Engineering and Construction,125000,Planned,Wenzell Ave from Tole St to Louisiana Ave,Step,2018,2018-02-14,f,Beechview,2,20,42003192000,5,20,6,4-28,40.4044739,-80.03340489
171113822,18TH STREET SIGNAL UPDATES (TIP),18th Street Signal Upgrades - Final Design,Engineering and Construction,100000,Planned,TS279,Signalized Intersection,2018,2018-02-14,f,South Side Flats,3,17,42003170200,3,17,3,4-24,40.42695281,-79.98074075
1094206348,18TH STREET SIGNAL UPDATES (TIP),18th Street Signal Upgrades - Final Design,Engineering and Construction,100000,Planned,TS281,Signalized Intersection,2018,2018-02-14,f,South Side Flats,3,17,42003170200,3,17,3,4-24,40.42783844,-79.98065191
2075086284,18TH STREET SIGNAL UPDATES (TIP),18th Street Signal Upgrades - Final Design,Engineering and Construction,100000,Planned,TS280,Signalized Intersection,2018,2018-02-14,f,South Side Slopes,3,17,42003170600,3,17,3,4-3,40.423827,-79.97769255
716043040,18TH STREET SIGNAL UPDATES (TIP),18th Street Signal Upgrades - Preliminary Design,Engineering and Construction,65667,Planned,TS279,Signalized Intersection,2018,2018-02-14,f,South Side Flats,3,17,42003170200,3,17,3,4-24,40.42695281,-79.98074075
1873229476,18TH STREET SIGNAL UPDATES (TIP),18th Street Signal Upgrades - Preliminary Design,Engineering and Construction,65667,Planned,TS281,Signalized Intersection,2018,2018-02-14,f,South Side Flats,3,17,42003170200,3,17,3,4-24,40.42783844,-79.98065191
872441123,18TH STREET SIGNAL UPDATES (TIP),18th Street Signal Upgrades - Preliminary Design,Engineering and Construction,65667,Planned,TS280,Signalized Intersection,2018,2018-02-14,f,South Side Slopes,3,17,42003170600,3,17,3,4-3,40.423827,-79.97769255
81204408,FACILITY IMPROVEMENTS - SPORT FACILITIES,Magee Field Improvements,Facility Improvement,300000,In Progress,Magee Field 1,Playing Field,2018,2018-09-26,f,Greenfield,5,15,42003151700,3,15,4,2-15,40.4257722,-79.9376695
805487687,FACILITY IMPROVEMENTS - SPORT FACILITIES,Magee Field Improvements,Facility Improvement,300000,In Progress,Magee Field 2,Playing Field,2018,2018-09-26,f,Greenfield,5,15,42003151700,3,15,4,2-15,40.42530732,-79.93749493
697801796,FACILITY IMPROVEMENTS - SPORT FACILITIES,Stratmore Parklet - Court Repair,Facility Improvement,55313,In Progress,Stratmore Park Basketball Court 1,Court,2018,2018-04-04,f,Crafton Heights,2,28,42003281500,5,28,6,1-18,40.43964836,-80.05618254
458321222,SLOPE FAILURE REMEDIATION,,Engineering and Construction,375000,Planned,Henderson St from Sandusky Ct,Retaining Wall,2018,2018-02-14,f,Fineview,6,25,42003250900,1,25,1,1-10,40.45918436,-80.00643498
490890861,SLOPE FAILURE REMEDIATION,,Engineering and Construction,375000,Planned,Henderson St from Fountain St,Retaining Wall,2018,2018-02-14,f,Fineview,6,25,42003250900,1,25,1,1-10,40.45910357,-80.00499961
1449172051,FACILITY IMPROVEMENTS - SPORT FACILITIES,Ammon Park - Court Activation Buttons,Facility Improvement,5750,Planned,Ammon Park,Park,2018,2018-02-14,f,Bedford Dwellings,6,5,42003050900,3,5,2,2-5,40.44921647,-79.97753382
1217621796,FACILITY IMPROVEMENTS - SPORT FACILITIES,Garland Park - Court Activation Buttons,Facility Improvement,11500,Planned,Garland Park,Park,2018,2018-02-14,f,East Liberty,9,11,42003111500,2,11,5,3-8,40.4640051,-79.92779539
1362156198,STREETSCAPE AND INTERSECTION RECONSTRUCTION,Broadway Avenue Complete Streets,Engineering and Construction,300000,Planned,,Non-Asset,2018,2018-02-14,f,Beechview,4,19,42003192000,5,19,6,4-28,40.41015299,-80.02469457
2129028466,STREETSCAPE AND INTERSECTION RECONSTRUCTION,Centre Avenue - Preliminary Engineering,Engineering and Construction,250000,Planned,,Non-Asset,2018,2018-02-14,f,Crawford-Roberts,6,3,42003030500,3,3,2,2-1,40.44358933,-79.98036024
896139348,7500 - FACILITY IMPROVEMENTS,9th Floor OMI-Cable Bureau Temp Control System,Facility Improvement,80000,Completed,City-County Building,Facility,2017,2017-04-18,f,Central Business District,6,1,42003020100,6,1,2,1-4,40.43812088,-79.9968965
223087014,McFARREN STREET (SECOND AVENUE) BRIDGE (TIP),Bridge Construction,Engineering and Construction,3382000,Planned,MacFarren St Bridge,Bridge,2018,2018-03-07,f,,5,,42003141400,,,,,40.41516123,-79.91564882
1495708726,FACILITY IMPROVEMENTS - PUBLIC SAFETY FACILITIES,Sewer backup in Kitchen. Replace main sewer line through center of bay.,Facility Improvement,69800,Completed,Firehouse 13,Facility,2018,2018-06-28,f,Hazelwood,5,15,42003562300,3,15,4,2-13,40.41011868,-79.94229547
1098149784,FACILITY IMPROVEMENTS - PUBLIC SAFETY FACILITIES,Lead remediation on two firing berms,Facility Improvement,61657.07,Completed,Police Firing Range Building,Facility,2018,2018-05-07,f,Lincoln-Lemington-Belmar,9,12,42003981800,2,12,5,3-15,40.47938994,-79.90648859
1018565734,FACILITY IMPROVEMENTS - PUBLIC SAFETY FACILITIES,Install new AC condensers,Facility Improvement,57250.32,Completed,Police Zone 05,Facility,2018,2018-05-07,f,Highland Park,7,11,42003980100,2,11,5,3-12,40.4741766,-79.90916887
596989787,FACILITY IMPROVEMENTS - PUBLIC SAFETY FACILITIES,"repoint front exterior, and partial repoint rear, repair masonry at roof",Facility Improvement,85103.58,Completed,Medic 03 Police Zone 06,Facility,2018,2018-04-02,f,West End,2,20,42003562600,5,20,6,1-17,40.4421085,-80.03228339
1583420840,FACILITY IMPROVEMENTS - PUBLIC SAFETY FACILITIES,Roof replacement,Facility Improvement,429944,In Progress,Firehouse 24,Facility,2018,2018-07-16,f,South Side Flats,3,17,42003170200,3,17,3,4-24,40.42634759,-79.98130067
605577424,FACILITY IMPROVEMENTS - PUBLIC SAFETY FACILITIES,Tower & Roof replacment,Facility Improvement,189745,Planned,Firehouse 35,Facility,2018,2018-09-01,f,Brighton Heights,1,27,42003270100,1,27,1,1-14,40.4817361,-80.03897114
139330705,FACILITY IMPROVEMENTS - PUBLIC SAFETY FACILITIES,Roof repairs,Facility Improvement,119954,Planned,Medic 03 Police Zone 06,Facility,2018,2018-09-01,f,West End,2,20,42003562600,5,20,6,1-17,40.4421085,-80.03228339
171174313,FACILITY IMPROVEMENTS - PUBLIC SAFETY FACILITIES,"repair exterior masonry at bay doors, and spot re-point throughout exterior",Facility Improvement,8270.57,Completed,Firehouse 17,Facility,2018,2018-07-09,f,Homewood South,9,13,42003130400,2,13,5,3-17,40.45336665,-79.89079492
1189705260,WEST OHIO STREET BRIDGE (TIP),WEST OHIO STREET BRIDGE - CONSTRUCTION,Engineering and Construction,12800,Planned,West Ohio Street Bridge,Bridge,2019,2019-02-05,f,Allegheny West,1,22,42003562700,1,22,1,1-7,40.45161859,-80.01067255
3930462,WEST OHIO STREET BRIDGE (TIP),WEST OHIO STREET BRIDGE - CONSTRUCTION,Engineering and Construction,243200,Planned,West Ohio Street Bridge,Bridge,2019,2019-02-05,f,Allegheny West,1,22,42003562700,1,22,1,1-7,40.45161859,-80.01067255
2014707682,FACILITY IMPROVEMENTS - SPORT FACILITIES,FRICK PARK - BASKETBALL COURT UPGRADE,Facility Improvement,125500,Planned,Frick Park Basketball Court 1,Court,2019,2019-02-05,f,Squirrel Hill South,5,14,42003980300,3,14,4,2-21,40.42995619,-79.91418586
532967575,FACILITY IMPROVEMENTS,MCBRIDE DEK HOCKEY RELOCATION,Facility Improvement,390000,Planned,McBride Park Dek Hockey Court,Court,2019,2019-02-05,f,Lincoln Place,5,31,42003310200,3,31,4,4-20,40.36988137,-79.90738763
1684546432,POOL REHABILITATION,POOL LINER UPGRADE - AMMON POOL,Facility Improvement,125000,Planned,Ammon,Pool,2019,2019-02-05,f,Bedford Dwellings,6,5,42003050900,3,5,2,2-5,40.44871979,-79.97832432
404468979,POOL REHABILITATION,POOL LINER UPGRADE - MCBRIDE POOL,Facility Improvement,50000,Planned,McBride,Pool,2019,2019-02-05,f,Lincoln Place,5,31,42003310200,3,31,4,4-20,40.3703922,-79.90734118
466713735,FACILITY IMPROVEMENTS - PUBLIC SAFETY FACILITIES,FIRE STATION 23 - IMPROVEMENTS,Facility Improvement,850000,Planned,Firehouse 23,Facility,2019,2019-02-05,f,Carrick,4,29,42003290100,3,29,3,4-12,40.39825426,-79.98894003
589162334,FACILITY IMPROVEMENTS - PUBLIC SAFETY FACILITIES,FIRE STATION 38 - SOLAR ENERGY GENERATION AND STORAGE,Facility Improvement,91000,Planned,Firehouse 38,Facility,2019,2019-02-05,f,Spring Hill-City View,1,26,42003262000,1,26,1,1-13,40.47296068,-80.00291171
120633188,FACILITY IMPROVEMENTS - PUBLIC SAFETY FACILITIES,FIRE STATION 8 - IMPROVEMENTS,Facility Improvement,1115000,Planned,Firehouse 08,Facility,2019,2019-02-05,f,East Liberty,9,11,42003111500,2,11,5,3-8,40.46331936,-79.92767171
1055896727,FACILITY IMPROVEMENTS - PUBLIC SAFETY FACILITIES,FIRING RANGE IMPROVEMENTS,Facility Improvement,750000,Planned,Police Firing Range Building,Facility,2019,2019-02-05,f,Lincoln-Lemington-Belmar,9,12,42003981800,2,12,5,3-15,40.47938994,-79.90648859
2092594494,FACILITY IMPROVEMENTS - PUBLIC SAFETY FACILITIES,THADDEUS STEVENS SCHOOL - SPECIAL DEPLOYMENT DIVISION CONVERSION,Facility Improvement,500000,Planned,Thaddeus Stevens Elementary School,Facility,2019,2019-02-05,f,Elliott,2,20,42003562600,5,20,6,1-17,40.44247859,-80.04007969
1610645575,FACILITY IMPROVEMENTS - PUBLIC SAFETY FACILITIES,THADDEUS STEVENS SCHOOL - SPECIAL DEPLOYMENT DIVISION CONVERSION,Facility Improvement,605000,Planned,Thaddeus Stevens Elementary School,Facility,2019,2019-02-05,f,Elliott,2,20,42003562600,5,20,6,1-17,40.44247859,-80.04007969
1804717955,FACILITY IMPROVEMENTS - RECREATION AND SENIOR CENTERS,JEFFERSON RECREATION -  CENTER REHABILITATION,Facility Improvement,192000,Planned,Jefferson Recreation Center,Facility,2019,2019-02-05,f,Central Northside,6,25,42003250300,1,25,1,1-21,40.45936926,-80.01450422
2139250524,FACILITY IMPROVEMENTS - RECREATION AND SENIOR CENTERS,JEFFERSON RECREATION -  CENTER REHABILITATION,Facility Improvement,306000,Planned,Jefferson Recreation Center,Facility,2019,2019-02-05,f,Central Northside,6,25,42003250300,1,25,1,1-21,40.45936926,-80.01450422
970774798,FACILITY IMPROVEMENTS - RECREATION AND SENIOR CENTERS,OLIVER BATH HOUSE - ARCHITECTURAL REVIEW AND REHABILITATION,Facility Improvement,618655,Planned,Oliver Bath House,Facility,2019,2019-02-05,f,South Side Flats,3,17,42003170200,3,17,3,4-2,40.42958925,-79.9888749
926494651,FACILITY IMPROVEMENTS - RECREATION AND SENIOR CENTERS,OLIVER BATH HOUSE - ARCHITECTURAL REVIEW AND REHABILITATION,Facility Improvement,618655,Planned,Oliver Bath House,Facility,2019,2019-02-05,f,South Side Flats,3,17,42003170200,3,17,3,4-2,40.42958925,-79.9888749
1897114320,FACILITY IMPROVEMENTS - RECREATION AND SENIOR CENTERS,OLYMPIA PARK BUILDING PHASE III,Facility Improvement,335000,Planned,Olympia Park Recreation Center,Facility,2019,2019-02-05,f,Mount Washington,2,19,42003190300,5,19,3,4-1,40.43127842,-80.01830677
601006656,FACILITY IMPROVEMENTS - RECREATION AND SENIOR CENTERS,PAULSON RECREATION CENTER - INTERIOR UPGRADES,Facility Improvement,120000,Planned,Paulson Recreation Center,Facility,2019,2019-02-05,f,Lincoln-Lemington-Belmar,9,12,42003120300,2,12,5,3-15,40.4682445,-79.90351571
1317992739,FACILITY IMPROVEMENTS - RECREATION AND SENIOR CENTERS,ROBERT E. WILLIAMS COMMUNITY CENTER - RECONSTRUCTION,Facility Improvement,1100000,Planned,Robert E Williams Recreation Center,Facility,2019,2019-02-05,f,Upper Hill,6,5,42003050600,3,5,2,2-22,40.45478368,-79.9598881
835965731,FACILITY IMPROVEMENTS - RECREATION AND SENIOR CENTERS,SHERADEN HEALTHY ACTIVE LIVING CENTER - ADA ACCESS UPGRADES,Facility Improvement,300000,Planned,Sheraden Senior Center,Facility,2019,2019-02-05,f,Sheraden,2,20,42003562500,5,20,6,1-16,40.45520022,-80.05670689
1211713142,FACILITY IMPROVEMENTS - RECREATION AND SENIOR CENTERS,SHERADEN HEALTHY ACTIVE LIVING CENTER - BOCCE COURT UPGRADE,Facility Improvement,60000,Planned,Sheraden Senior Center,Facility,2019,2019-02-05,f,Sheraden,2,20,42003562500,5,20,6,1-16,40.45520022,-80.05670689
454894021,FACILITY IMPROVEMENTS - RECREATION AND SENIOR CENTERS,SHERADEN HEALTHY ACTIVE LIVING CENTER - EXTERIOR UPGRADES,Facility Improvement,135000,Planned,Sheraden Senior Center,Facility,2019,2019-02-05,f,Sheraden,2,20,42003562500,5,20,6,1-16,40.45520022,-80.05670689
284539199,FACILITY IMPROVEMENTS - RECREATION AND SENIOR CENTERS,WARRINGTON RECREATION CENTER - EXTERIOR UPGRADES,Facility Improvement,450000,Planned,Warrington Recreation Center,Facility,2019,2019-02-05,f,Beltzhoover,3,18,42003562400,5,18,3,4-5,40.42125694,-80.00095251
431539834,PARK RECONSTRUCTION - REGIONAL ASSET DISTRICT PARKS,RAD PARKS - RINK UPGRADES,Facility Improvement,850000,Planned,Schenley Park Skating Rink Building,Facility,2019,2019-02-05,f,Squirrel Hill South,5,14,42003980500,3,14,4,2-8,40.43145027,-79.94475417
254060257,COMPREHENSIVE PLAN,KENNARD PARK MASTER PLAN,Administration/Sub-Award,40000,Planned,Kennard Park,Park,2019,2019-02-05,f,Terrace Village,6,5,42003051000,3,5,2,2-10,40.44269662,-79.97360502
1402534424,COMPREHENSIVE PLAN,KENNARD PARK MASTER PLAN,Administration/Sub-Award,60000,Planned,Kennard Park,Park,2019,2019-02-05,f,Terrace Village,6,5,42003051000,3,5,2,2-10,40.44269662,-79.97360502
298359702,FACILITY IMPROVEMENTS - SPORT FACILITIES,PHILLIPS PARK - EQUIPMENT UPGRADES,Facility Improvement,300000,Planned,Phillips Park,Park,2019,2019-02-05,f,Carrick,4,29,42003290400,3,29,3,4-23,40.39059421,-79.99145985
142274905,LOWER HETH'S RUN,HETH'S RUN - CONCEPTUAL DESIGN,Facility Improvement,442000,Planned,Highland Park,Park,2019,2019-02-05,f,Highland Park,7,11,42003110600,2,11,5,3-9,40.47781114,-79.91531831
1565281973,PARK RECONSTRUCTION,ARSENAL PARK - PHASE I DESIGN DOCUMENTS,Facility Improvement,200000,Planned,Arsenal Park,Park,2019,2019-02-05,f,Lower Lawrenceville,7,6,42003060300,2,6,2,3-3,40.46669644,-79.96123164
826453656,PARK RECONSTRUCTION,BUD HAMMER - EQUIPMENT UPGRADES,Facility Improvement,200000,Planned,Bud Hammer Park,Park,2019,2019-02-05,f,Hazelwood,5,15,42003562900,3,15,4,2-12,40.42095065,-79.94657566
451624482,PARK RECONSTRUCTION,GRANVILLE PARKLET - PARK UPGRADES,Facility Improvement,250000,Planned,Granville Park,Park,2019,2019-02-05,f,Crawford-Roberts,6,3,42003030500,3,3,2,2-1,40.44440237,-79.98288587
1060694403,PARK RECONSTRUCTION,HOMEWOOD PARK - DESIGN,Facility Improvement,1400000,Planned,Homewood Park,Park,2019,2019-02-05,f,Homewood South,9,13,42003130300,2,13,5,3-17,40.45389852,-79.89982888
1321009241,PARK RECONSTRUCTION,LESLIE PARK - ENGINEERING STUDY,Facility Improvement,200000,Planned,Leslie Park,Park,2019,2019-02-05,f,Central Lawrenceville,7,9,42003090200,2,9,2,3-3,40.47292527,-79.95747784
931978743,PARK RECONSTRUCTION,LEWIS PARKLET - EQUIPMENT UPGRADES,Facility Improvement,100000,Planned,Lewis Park,Park,2019,2019-02-05,f,Hazelwood,5,15,42003562900,3,15,4,2-13,40.41289511,-79.94479641
1787768304,PARK RECONSTRUCTION,SOUTH SIDE PARK - PHASE I DESIGN,Facility Improvement,400000,Planned,Southside Park,Park,2019,2019-02-05,f,South Side Slopes,3,17,42003160800,3,17,3,4-22,40.42127838,-79.97805508
754584252,PARK RECONSTRUCTION,TOWNSEND PARKLET - PARK UPGRADES,Facility Improvement,200000,Planned,Townsend Park,Park,2019,2019-02-05,f,Elliott,2,20,42003562600,5,20,6,1-17,40.44306989,-80.04016617
982141021,PARK RECONSTRUCTION,TOWNSEND PARKLET - PARK UPGRADES,Facility Improvement,455000,Planned,Townsend Park,Park,2019,2019-02-05,f,Elliott,2,20,42003562600,5,20,6,1-17,40.44306989,-80.04016617
1140223144,COMPLETE STREETS,CENTRE & DITHRIDGE - INTERSECTION UPGRADES,Engineering and Construction,50000,Planned,2588,Pavement,2019,2019-02-05,f,North Oakland,8,4,42003562000,3,4,4,2-23,40.4513834,-79.95369731
220656954,COMPLETE STREETS,CENTRE AVE - PRELIMINARY ENGINEERING,Engineering and Construction,250000,Planned,18580,Pavement,2019,2019-02-05,f,Middle Hill,6,5,42003050100,3,5,2,2-1,40.44472099,-79.97800878
108005428,COMPLETE STREETS,MELWOOD - TRAFFIC CALMING,Engineering and Construction,100000,Planned,4487,Pavement,2019,2019-02-05,f,Polish Hill,7,6,42003060500,6,6,2,2-6,40.45871548,-79.96225072
1510370888,COMPLETE STREETS,SHADY AVE - TRAFFIC CALMING STUDY,Engineering and Construction,60000,Planned,7039,Pavement,2019,2019-02-05,f,Point Breeze,8,14,42003140400,3,14,4,2-17,40.45005418,-79.92064992
162720900,COMPLETE STREETS,STRIP DISTRICT - BIKE INFRASTRUCTURE PLANNING,Engineering and Construction,150000,Planned,11858,Pavement,2019,2019-02-05,f,Strip District,7,2,42003020300,6,2,2,2-3,40.4492631,-79.9867885
1343319926,COMPLETE STREETS,WALNUT STREET - INTERSECTION UPGRADES,Engineering and Construction,100000,Planned,11275,Pavement,2019,2019-02-05,f,Shadyside,8,7,42003070300,2,7,4,3-22,40.45069761,-79.9353139
1747157429,COMPLETE STREETS,WARRINGTON & BOGGSTON - TRAFFIC CALMING,Engineering and Construction,100000,Planned,18684,Pavement,2019,2019-02-05,f,Beltzhoover,3,18,42003562400,5,18,3,4-16,40.41809817,-80.00948849
336270312,EAST CARSON STREET,EAST CARSON STREET - CONSTRUCTION,Engineering and Construction,2000000,Planned,7490,Pavement,2019,2019-02-05,f,South Side Flats,3,17,42003170200,3,17,3,4-24,40.42879689,-79.98130455
1186182493,FLOOD CONTROL PROJECTS,GLENBURY - WATER MITIGATION,Engineering and Construction,1000000,Planned,1743,Pavement,2019,2019-02-05,f,Overbrook,4,32,42003320700,5,32,3,4-25,40.38409004,-79.99852054
267387200,FLOOD CONTROL PROJECTS,SAINT NORBERTS ST - WATER MITIGATION,Engineering and Construction,500000,Planned,7129,Pavement,2019,2019-02-05,f,Overbrook,4,32,42003320400,5,32,3,4-25,40.38382721,-79.99561241
963683720,FLOOD CONTROL PROJECTS,STEWART AVE - WATER MITIGATION,Engineering and Construction,500000,Planned,1502,Pavement,2019,2019-02-05,f,Carrick,4,32,42003290400,3,32,3,4-23,40.38114229,-79.9848958
970880004,FLOOD CONTROL PROJECTS,VODELI STREET - WATER MITIGATION,Engineering and Construction,500000,Planned,13502,Pavement,2019,2019-02-05,f,Beechview,4,19,42003192000,5,19,6,4-28,40.40329394,-80.02808955
893819277,FLOOD CONTROL PROJECTS,WALDE ST - STREET DRAINAGE UPGRADES,Engineering and Construction,250000,Planned,12970,Pavement,2019,2019-02-05,f,Mount Oliver Borough,,0,42003481000,0,0,,Mt Oliver,40.41039699,-79.98179904
1934747185,LIBERTY AVENUE (HSIP),LIBERTY AVE (HSIP) - FINAL DESIGN,Engineering and Construction,100000,Planned,954,Pavement,2019,2019-02-05,f,Strip District,7,2,42003020300,6,2,2,2-3,40.44985304,-79.98434572
454208439,LIBERTY AVENUE (HSIP),LIBERTY AVE (HSIP) - FINAL DESIGN,Engineering and Construction,400000,Planned,954,Pavement,2019,2019-02-05,f,Strip District,7,2,42003020300,6,2,2,2-3,40.44985304,-79.98434572
1509440906,LIBERTY AVENUE (HSIP),LIBERTY AVE (HSIP) - PRELIMINARY ENGINEERING,Engineering and Construction,55000,Planned,954,Pavement,2019,2019-02-05,f,Strip District,7,2,42003020300,6,2,2,2-3,40.44985304,-79.98434572
190288804,LIBERTY AVENUE (HSIP),LIBERTY AVE (HSIP) - PRELIMINARY ENGINEERING,Engineering and Construction,220000,Planned,954,Pavement,2019,2019-02-05,f,Strip District,7,2,42003020300,6,2,2,2-3,40.44985304,-79.98434572
1139160330,RAMP AND PUBLIC SIDEWALK,SAINT JOSEPH ST - SIDEWALK UPGRADES,Engineering and Construction,100000,Planned,5876,Pavement,2019,2019-02-05,f,Mt. Oliver,3,16,42003561700,3,16,3,4-8,40.41332198,-79.97734935
284574447,SMALLMAN STREET RECONSTRUCTION,SMALLMAN STREET -  RECONSTRUCTION,Engineering and Construction,1000000,Planned,5012,Pavement,2019,2019-02-05,f,Strip District,7,2,42003020300,6,2,2,2-3,40.45116652,-79.98551249
1819629922,SMALLMAN STREET RECONSTRUCTION,SMALLMAN STREET -  RECONSTRUCTION,Engineering and Construction,1730000,Planned,5012,Pavement,2019,2019-02-05,f,Strip District,7,2,42003020300,6,2,2,2-3,40.45116652,-79.98551249
798714177,SMITHFIELD STREET (TIP),SMITHFIELD ST - PRELIMINARY ENGINEERING,Engineering and Construction,90000,Planned,15575,Pavement,2019,2019-02-05,f,Central Business District,6,2,42003020100,6,2,2,1-4,40.43974922,-79.99887011
585086223,SMITHFIELD STREET (TIP),SMITHFIELD ST - PRELIMINARY ENGINEERING,Engineering and Construction,360000,Planned,15575,Pavement,2019,2019-02-05,f,Central Business District,6,2,42003020100,6,2,2,1-4,40.43974922,-79.99887011
842575827,28TH STREET BRIDGE (TIP),28TH STREET BRIDGE - PRELIMINARY ENGINEERING,Engineering and Construction,37500,Planned,28th Street Bridge,Bridge,2019,2019-02-06,f,Strip District,7,6,42003060500,6,6,2,2-25,40.45604242,-79.97374797
1365853602,28TH STREET BRIDGE (TIP),28TH STREET BRIDGE - PRELIMINARY ENGINEERING,Engineering and Construction,712500,Planned,28th Street Bridge,Bridge,2019,2019-02-06,f,Strip District,7,6,42003060500,6,6,2,2-25,40.45604242,-79.97374797
860367290,BRIDGE UPGRADES,30TH STREET BRIDGE UPGRADE,Engineering and Construction,175000,Planned,Herr's Island Bridge,Bridge,2019,2019-02-06,f,Troy Hill,1,24,42003240600,6,24,1,1-1,40.46386545,-79.97888605
525286793,BRIDGE UPGRADES,LOWRIE STREET - BRIDGE UPGRADES,Engineering and Construction,200000,Planned,Lowrie Street Bridge,Bridge,2019,2019-02-06,f,Troy Hill,1,24,42003240600,1,24,1,1-2,40.46571991,-79.98119287
337387728,PLAY AREA IMPROVEMENTS,AMMON PLAYGROUND - EQUIPMENT UPGRADES,Facility Improvement,150000,Planned,Ammon Playground,Playground,2019,2019-02-06,f,Bedford Dwellings,6,5,42003050900,3,5,2,2-5,40.44902699,-79.97806951
144307522,PLAY AREA IMPROVEMENTS,BAXTER PLAYGROUND - EQUIPMENT UPGRADES,Facility Improvement,150000,Planned,Baxter Playground,Playground,2019,2019-02-06,f,Homewood North,9,13,42003130200,2,13,5,3-17,40.4561399,-79.88949761
210047469,PLAY AREA IMPROVEMENTS,FINEVIEW PLAYGROUND - EQUIPMENT UPGRADES,Facility Improvement,150000,Planned,Fineview Playground,Playground,2019,2019-02-06,f,Fineview,1,25,42003250900,1,25,1,1-10,40.46183174,-80.00362698
1200882231,PLAY AREA IMPROVEMENTS,FINEVIEW PLAYGROUND - PLAY AREA UPGRADES,Facility Improvement,125000,Planned,Fineview Playground,Playground,2019,2019-02-06,f,Fineview,1,25,42003250900,1,25,1,1-10,40.46183174,-80.00362698
1976722795,PLAY AREA IMPROVEMENTS,JEFFERSON PLAYGROUND - SITE/ACCESSIBILITY UPGRADES,Facility Improvement,194000,Planned,Jefferson Playground,Playground,2019,2019-02-06,f,Central Northside,6,25,42003250300,1,25,1,1-21,40.45909025,-80.01453103
558392650,PLAY AREA IMPROVEMENTS,JEFFERSON PLAYGROUND - SITE/ACCESSIBILITY UPGRADES,Facility Improvement,308000,Planned,Jefferson Playground,Playground,2019,2019-02-06,f,Central Northside,6,25,42003250300,1,25,1,1-21,40.45909025,-80.01453103
1772869743,PLAY AREA IMPROVEMENTS,McKINLEY PLAYGROUND - EQUIPMENT UPGRADES,Facility Improvement,150000,Planned,Mckinley Bausman Playground,Playground,2019,2019-02-06,f,Beltzhoover,4,18,42003562400,5,18,3,4-7,40.41295997,-79.99806538
251539663,SLOPE FAILURE REMEDIATION,BRAHM STREET WALL - SLOPE IMPROVEMENTS,Engineering and Construction,1500000,Planned,Brahm St,Retaining Wall,2019,2019-02-06,f,Spring Hill-City View,1,24,42003262000,1,24,1,1-24,40.46491451,-79.99852714
267170034,SLOPE FAILURE REMEDIATION,HENDERSON ST - WALL IMPROVEMENTS,Engineering and Construction,750000,Planned,Henderson St from Fountain St,Retaining Wall,2019,2019-02-06,f,Fineview,6,25,42003250900,1,25,1,1-10,40.45910357,-80.00499961
666812560,SLOPE FAILURE REMEDIATION,LANDER ST - SLOPE IMPROVEMENTS,Engineering and Construction,850000,Planned,Mardo Way,Retaining Wall,2019,2019-02-06,f,Elliott,2,20,42003562600,5,20,6,1-17,40.44344875,-80.03429015
2010806451,SLOPE FAILURE REMEDIATION,LOWER WILLIAM ST - SLOPE IMPROVEMENTS,Engineering and Construction,500000,Planned,Arlington Ave from William St,Retaining Wall,2019,2019-02-06,f,Allentown,3,18,42003180300,5,18,3,4-5,40.42810632,-79.99685129
1493569808,SLOPE FAILURE REMEDIATION,NEWTON ST - SLOPE IMPROVEMENTS,Engineering and Construction,1000000,Planned,Arlington Ave from PJ McArdle Rdwy to Newton St,Retaining Wall,2019,2019-02-06,f,South Side Slopes,3,18,42003170600,3,18,3,4-5,40.42775881,-79.99557789
1500353737,SLOPE FAILURE REMEDIATION,PARKWOOD ST - SLOPE IMPROVEMENTS,Engineering and Construction,250000,Planned,Parkwood Rd,Retaining Wall,2019,2019-02-06,f,Arlington,3,16,42003561600,3,16,3,4-8,40.41420353,-79.98042191
235052765,SLOPE FAILURE REMEDIATION,UPPER WILLIAM ST - SLOPE IMPROVEMENTS,Engineering and Construction,200000,Planned,William St,Retaining Wall,2019,2019-02-06,f,Mount Washington,2,19,42003191400,5,19,3,4-5,40.42742648,-80.00483227
664550967,18TH STREET SIGNAL UPDATES (TIP),18TH STREET SIGNALS -  FINAL DESIGN,Engineering and Construction,23000,Planned,TS279,Signalized Intersection,2019,2019-02-06,f,South Side Flats,3,17,42003170200,3,17,3,4-24,40.42695281,-79.98074075
412892934,18TH STREET SIGNAL UPDATES (TIP),18TH STREET SIGNALS -  FINAL DESIGN,Engineering and Construction,92000,Planned,TS279,Signalized Intersection,2019,2019-02-06,f,South Side Flats,3,17,42003170200,3,17,3,4-24,40.42695281,-79.98074075
2002519183,COMPLETE STREETS,40TH & PENN - SIGNAL UPGRADES,Engineering and Construction,155000,Planned,TS356,Signalized Intersection,2019,2019-02-06,f,Bloomfield,7,6,42003090300,2,6,2,3-6,40.46518232,-79.9579611
883263912,COMPLETE STREETS,AIKEN & CENTRE - PEDESTRIAN SIGNAL UPGRADES,Engineering and Construction,205000,Planned,TS2,Signalized Intersection,2019,2019-02-06,f,Shadyside,8,7,42003070900,2,7,4,3-23,40.4559097,-79.93859121
720099362,COMPLETE STREETS,ALLEGHENY CIRCLE - PHASE II CONSTRUCTION,Engineering and Construction,100000,Planned,TS237,Signalized Intersection,2019,2019-02-06,f,Allegheny Center,1,22,42003562700,1,22,1,1-6,40.45031194,-80.00489781
1111207871,COMPLETE STREETS,BELLEFIELD & FIFTH - SIGNAL UPGRADES,Engineering and Construction,65000,Planned,TS102,Signalized Intersection,2019,2019-02-06,f,North Oakland,8,4,42003982200,3,4,4,2-7,40.44647634,-79.95191089
768789779,COMPLETE STREETS,CALIFORNIA & ANTRIM - SIGNAL UPGRADES,Engineering and Construction,155000,Planned,TS39,Signalized Intersection,2019,2019-02-06,f,Brighton Heights,1,27,42003270300,1,27,1,1-14,40.47526053,-80.03957248
1919662181,COMPLETE STREETS,FORWARD & MURRAY - PEDESTRIAN UPGRADES,Engineering and Construction,295000,Planned,TS359,Signalized Intersection,2019,2019-02-06,f,Squirrel Hill South,5,14,42003141400,3,14,4,2-21,40.4296236,-79.92353314
892110751,COMPLETE STREETS,FRANKSTOWN & EAST LIBERTY - SIGNAL UPGRADES,Engineering and Construction,265000,Planned,TS151,Signalized Intersection,2019,2019-02-06,f,Larimer,9,12,42003120800,2,12,5,3-10,40.46080647,-79.91578885
661532843,COMPLETE STREETS,LIBERTY & MAIN - INTERSECTION UPGRADES,Engineering and Construction,400000,Planned,TS129,Signalized Intersection,2019,2019-02-06,f,Bloomfield,7,9,42003090300,2,9,5,3-6,40.46373074,-79.95289566
67539409,COMPLETE STREETS,LIBERTY & MILLVALE - SIGNAL UPGRADES,Engineering and Construction,155000,Planned,TS423,Signalized Intersection,2019,2019-02-06,f,Bloomfield,7,8,42003080400,2,8,5,3-6,40.46000363,-79.94596272
732971982,COMPLETE STREETS,NORTHUMBERLAND & SHADY - INTERSECTION RECONSTRUCTION,Engineering and Construction,140000,Planned,TS482,Signalized Intersection,2019,2019-02-06,f,Squirrel Hill North,8,14,42003140300,3,14,4,2-18,40.44181501,-79.91990233
779587792,COMPLETE STREETS,SARAH & 20TH - SIGNAL UPGRADES,Engineering and Construction,155000,Planned,TS516,Signalized Intersection,2019,2019-02-06,f,South Side Flats,3,17,42003170200,3,17,3,4-24,40.42766874,-79.97772821
1299508675,STEP REPAIR AND REPLACEMENT,GREENFIELD AVE - STEP UPGRADES,Engineering and Construction,135000,Planned,Greenfield Ave at Magee Playground to Blanton St,Step,2019,2019-02-06,f,Greenfield,5,15,42003151700,3,15,4,2-12,40.42435726,-79.93793658
1539527490,STEP REPAIR AND REPLACEMENT,HALPIN ST - STEP UPGRADES,Engineering and Construction,300000,Planned,Halpin St from Maple Terrace to Belonda St,Step,2019,2019-02-06,f,Mount Washington,2,19,42003191400,5,19,3,4-27,40.42954779,-80.01093069
976768437,STEP REPAIR AND REPLACEMENT,JAMES ST - STEP UPGRADES,Engineering and Construction,200000,Planned,James St to Fountain St,Step,2019,2019-02-06,f,Central Northside,6,25,42003220600,1,25,1,1-6,40.45851691,-80.00227922
